msno,is_churn,trans_count,payment_method_id,payment_plan_days,plan_list_price,actual_amount_paid,is_auto_renew,transaction_date,membership_expire_date,is_cancel,logs_count,date,num_25,num_50,num_75,num_985,num_100,num_unq,total_secs,city,bd,gender,registered_via,registration_init_time,ppp,autorenew_&_not_cancel,notAutorenew_&_cancel
daXqEgB3x9CTnkCGRpd5YWzSvxCubdWiuxtnx7Nqi+E=,0,25,8.0,30.0,149.0,149.0,1.0,20170319.0,20170419.0,0.0,0.0,0.0,0.0,0.0,0.0,0.0,0.0,0.0,0.0,0.0,0.0,0.0,2,0.0,4.96666666667,1,1
imelvmF7qRnf7ynoBn4Aykd3kKx/niZ1jo3ou6iPPrk=,0,27,8.0,30.0,149.0,149.0,1.0,20170323.0,20170423.0,0.0,8.0,20170322.0,0.0,0.0,0.0,0.0,7.0,7.0,1596.019,1.0,46.0,1.0,1,20140324.0,4.96666666667,1,1
pBwlNLpqJBT5AUz/EOEFrLIX1X13gFxvQTI2gM4DJOE=,0,28,13.0,30.0,149.0,149.0,1.0,20170305.0,20170404.0,0.0,31.0,20170331.0,0.0,1.0,0.0,0.0,1.0,1.0,344.685,9.0,52.0,1.0,5,20140614.0,4.96666666667,1,1
N4jnUOaj1NUV4lkd5Ot0aHAgV8ktB1aiUiNvs9sKTDA=,0,27,8.0,30.0,149.0,149.0,1.0,20170325.0,20170425.0,0.0,28.0,20170331.0,8.0,0.0,0.0,0.0,2.0,10.0,595.565,1.0,0.0,0.0,1,20130926.0,4.96666666667,1,1
uBBSwakhQt94VYDuSBkRPyngZ0mEIO5WdFxagEYt8Ag=,1,14,31.0,0.0,0.0,0.0,0.0,0.0,0.0,0.0,0.0,0.0,0.0,0.0,0.0,0.0,0.0,0.0,0.0,1.0,0.0,0.0,1,20130611.0,10.0,0,0
3k1E6+Mdc84roC2U7/wJSk2SPYTZhkNaB68iWdNIlMs=,0,19,8.0,30.0,99.0,99.0,1.0,20170317.0,20170417.0,0.0,0.0,0.0,0.0,0.0,0.0,0.0,0.0,0.0,0.0,0.0,0.0,0.0,2,0.0,3.3,1,1
KYceKLecDLiMSlB0oUHS361+TC0GzE/NmyB8OLXEnn4=,0,21,8.0,30.0,99.0,99.0,1.0,20170303.0,20170403.0,0.0,12.0,20170331.0,0.0,0.0,0.0,0.0,1.0,1.0,249.0,1.0,0.0,0.0,1,20150704.0,3.3,1,1
ll848V8IKxt8dNQYgeAQMGnilkBmYngpTz6eDa5jTy0=,0,3,17.0,30.0,180.0,180.0,0.0,20170325.0,20170424.0,0.0,19.0,20170329.0,2.0,0.0,2.0,0.0,4.0,8.0,1336.701,1.0,0.0,0.0,5,20140624.0,6.0,0,0
yNVkP5M+Ju5tYqU66j7T9tOz91xRZW9sEwexIHgHFdE=,0,12,8.0,30.0,99.0,99.0,1.0,20170325.0,20170425.0,0.0,0.0,0.0,0.0,0.0,0.0,0.0,0.0,0.0,0.0,0.0,0.0,0.0,2,0.0,3.3,1,1
H6iWkFM1InBajm53LJiAfkYvsuwax7zH/J3r3KfcC4w=,0,21,8.0,30.0,149.0,149.0,1.0,20170314.0,20170418.0,0.0,12.0,20170322.0,0.0,0.0,0.0,0.0,2.0,2.0,553.168,1.0,0.0,0.0,1,20150815.0,4.96666666667,1,1
00XW1+gkRiuYWH64/+fbGl4ifGmo5PrByy6nllMzGXI=,0,13,16.0,30.0,180.0,180.0,0.0,20170315.0,20170414.0,0.0,10.0,20170330.0,1.0,0.0,0.0,0.0,3.0,3.0,845.217,12.0,28.0,2.0,5,20150825.0,6.0,0,0
qdwZO6To0s1b0kVJ9EhDh3gOxZbe2lPN+YBEvAGjw5c=,0,21,12.0,30.0,149.0,149.0,1.0,20170331.0,20170604.0,0.0,30.0,20170331.0,0.0,0.0,0.0,0.0,8.0,1.0,2154.992,9.0,26.0,1.0,4,20110213.0,4.96666666667,1,1
TkG7LRcQCcRgU9IaS5mNNLObjfqWkzVnVdLHeYLigd0=,0,13,8.0,30.0,99.0,99.0,1.0,20170310.0,20170410.0,0.0,1.0,20170319.0,0.0,0.0,0.0,0.0,1.0,1.0,202.368,1.0,0.0,0.0,1,20111223.0,3.3,1,1
OwwecQCfNajg2xdMs7uafErtkhk2SLkAp62d69DZ0S4=,0,14,16.0,30.0,180.0,180.0,1.0,20170306.0,20170405.0,0.0,30.0,20170331.0,4.0,0.0,0.0,0.0,12.0,11.0,3350.768,1.0,0.0,0.0,1,20131222.0,6.0,1,1
PuyNeP0mLXq2Wv2G33FRES8BiWU+kCmqfvyw2nsez/c=,0,27,8.0,30.0,149.0,149.0,1.0,20170304.0,20170404.0,0.0,5.0,20170330.0,5.0,0.0,2.0,1.0,2.0,8.0,1110.386,17.0,31.0,2.0,1,20121105.0,4.96666666667,1,1
x8EJB4INM3utHsIMp2PPg5KdxI7czA5Ht8Gi9rmi6+I=,1,27,13.0,30.0,149.0,149.0,1.0,20170307.0,20170309.0,1.0,9.0,20170310.0,4.0,0.0,0.0,0.0,9.0,7.0,2139.862,17.0,0.0,1.0,4,20120331.0,4.96666666667,0,0
XpxLuQrZw2JTKh0+US6n552+nwvvdQIbExBqmJvE3vw=,0,23,7.0,30.0,149.0,149.0,1.0,20170331.0,20170430.0,0.0,31.0,20170331.0,10.0,4.0,2.0,4.0,34.0,51.0,10388.339,9.0,23.0,2.0,4,20120309.0,4.96666666667,1,1
/e3cCHTpupPD3N4HR5qGvVhQUKUUziBbEVZXt4XeeXI=,0,8,8.0,30.0,99.0,99.0,1.0,20170322.0,20170422.0,0.0,17.0,20170325.0,2.0,1.0,0.0,0.0,13.0,16.0,3656.712,1.0,0.0,0.0,1,20160823.0,3.3,1,1
wWqhTpPYm8Ato5nCrPqu/yyLQowEqe+kobYS7qlMuEc=,0,21,12.0,30.0,149.0,149.0,1.0,20170331.0,20170519.0,0.0,30.0,20170331.0,3.0,1.0,1.0,1.0,5.0,11.0,1712.923,9.0,24.0,2.0,4,20091105.0,4.96666666667,1,1
1YsR2+fODkNNLz6Ka1ITN1JvYmxcj7np9gbaRxM7OTo=,0,3,8.0,30.0,99.0,99.0,1.0,20170325.0,20170425.0,0.0,17.0,20170331.0,14.0,0.0,0.0,3.0,5.0,22.0,2247.584,16.0,18.0,2.0,1,20170126.0,3.3,1,1
4nm1HRV3rqMyQmvGzHVFzQWumQnrU3QdGzoN4cY0pHw=,0,17,8.0,30.0,99.0,99.0,1.0,20170306.0,20170406.0,0.0,3.0,20170330.0,4.0,0.0,0.0,0.0,0.0,4.0,40.741,1.0,0.0,0.0,1,20151107.0,3.3,1,1
1n8+rlFLwr+lcS5+83zMzsEV+8KZYav3vOm34Y8fUHs=,0,30,8.0,30.0,129.0,129.0,1.0,20170321.0,20170421.0,0.0,16.0,20170327.0,6.0,0.0,2.0,2.0,9.0,18.0,2771.203,1.0,0.0,0.0,1,20131109.0,4.3,1,1
zeMSX4HRB5iz+vOXW98rjTfNk6KZTB0nCdOGInUs5u0=,0,5,8.0,30.0,99.0,99.0,1.0,20170302.0,20170402.0,0.0,9.0,20170331.0,3.0,0.0,0.0,0.0,4.0,3.0,1242.642,1.0,0.0,0.0,1,20161103.0,3.3,1,1
tFVhEYQ8N2/bYHm73d6lQnlYocewT0zxWu03asVlH5Q=,0,13,8.0,30.0,99.0,99.0,1.0,20170303.0,20170403.0,0.0,31.0,20170331.0,1.0,0.0,1.0,1.0,15.0,12.0,4056.858,1.0,0.0,0.0,1,20160303.0,3.3,1,1
3RIDDZvGqK3i2ge2ZJkqbqZlbLFTzdjaem3qRUjqrlQ=,1,5,8.0,30.0,149.0,149.0,1.0,20170314.0,20170314.0,1.0,0.0,0.0,0.0,0.0,0.0,0.0,0.0,0.0,0.0,0.0,0.0,0.0,2,0.0,4.96666666667,0,0
xoEY/aLI5a+tX7RTr1lEStVYR/JHACuB+hHMwMjtPII=,1,12,28.0,180.0,536.0,536.0,0.0,20170318.0,20170922.0,0.0,31.0,20170331.0,0.0,0.0,0.0,1.0,19.0,20.0,4401.173,7.0,35.0,1.0,4,20051017.0,2.97777777778,0,0
E8qOui1gCUv+JGO8SBO+jHvfOnRJl9HvufXAx0pNy2Q=,0,8,13.0,30.0,149.0,149.0,1.0,20170320.0,20170421.0,0.0,8.0,20170323.0,7.0,1.0,0.0,0.0,12.0,15.0,2956.406,16.0,22.0,1.0,6,20160819.0,4.96666666667,1,1
T2J7sWzNIkSD5zyeQaLUvwucT4RwDliUmb+GKVkeJq8=,0,22,12.0,30.0,149.0,149.0,1.0,20170331.0,20170504.0,0.0,31.0,20170331.0,7.0,1.0,2.0,1.0,135.0,64.0,31197.374,19.0,23.0,2.0,5,20130627.0,4.96666666667,1,1
7VZXM6AvO29wst6UljVkWWiIdpIcPITIdxevx18afHU=,0,5,8.0,30.0,99.0,99.0,1.0,20170325.0,20170425.0,0.0,0.0,0.0,0.0,0.0,0.0,0.0,0.0,0.0,0.0,0.0,0.0,0.0,2,0.0,3.3,1,1
zQNYAQ/IC/kb/Awhkf/iKqUOF6/UrsznGN9YpO8JzHE=,0,11,8.0,30.0,99.0,99.0,1.0,20170314.0,20170414.0,0.0,0.0,0.0,0.0,0.0,0.0,0.0,0.0,0.0,0.0,1.0,0.0,0.0,1,20160515.0,3.3,1,1
znf0SctdjYZQOYC0s4Ik1fRd6OJuM+cRXz7zRsrIw7A=,0,15,16.0,30.0,180.0,180.0,0.0,20170317.0,20170416.0,0.0,14.0,20170331.0,2.0,0.0,0.0,1.0,11.0,9.0,2991.374,9.0,25.0,2.0,4,20061006.0,6.0,0,0
cl2ZrdVzD3kQ41wiRZZw94eLDo2U2UaLZoNzIJ5tqyU=,0,5,8.0,30.0,99.0,99.0,1.0,20170326.0,20170426.0,0.0,0.0,0.0,0.0,0.0,0.0,0.0,0.0,0.0,0.0,0.0,0.0,0.0,2,0.0,3.3,1,1
hPUKYDSX/3xRgneTtUfW5GN8OQAKwd7MMQKuKD0oZB0=,0,18,8.0,30.0,99.0,99.0,1.0,20170324.0,20170424.0,0.0,28.0,20170331.0,4.0,0.0,0.0,1.0,9.0,11.0,2443.786,1.0,0.0,0.0,1,20130128.0,3.3,1,1
WQxjsaWPIbbQYd0gbrg+phjR8NtaEJQCo2z3jGwFf5E=,0,18,8.0,30.0,99.0,99.0,1.0,20170331.0,20170430.0,0.0,0.0,0.0,0.0,0.0,0.0,0.0,0.0,0.0,0.0,1.0,0.0,0.0,1,20120407.0,3.3,1,1
RyPMmZB562Hlozr/tXssZZeli9ysmUbhHTQnYMttvEw=,0,10,8.0,30.0,99.0,99.0,1.0,20170322.0,20170422.0,0.0,14.0,20170325.0,4.0,0.0,0.0,0.0,4.0,7.0,1155.297,1.0,0.0,0.0,1,20160622.0,3.3,1,1
5v3x7Al4eZHJ3Etg12tVt9nw4uEhKzXaa/ztEeuq4Ms=,0,9,8.0,30.0,99.0,99.0,1.0,20170331.0,20170430.0,0.0,29.0,20170330.0,3.0,0.0,0.0,1.0,18.0,20.0,4880.635,1.0,0.0,0.0,1,20160730.0,3.3,1,1
Ek7TUhN2e0tn/1huAqABpTIguKRQNjFPkViAsDMHGWQ=,0,27,8.0,30.0,149.0,149.0,1.0,20170315.0,20170415.0,0.0,25.0,20170331.0,13.0,0.0,5.0,2.0,57.0,47.0,14198.892,1.0,0.0,0.0,1,20141115.0,4.96666666667,1,1
SVaiLapo5QTe1m3m8Pv7w9/i4UNRRLpYv08PPCgVUas=,0,24,5.0,30.0,149.0,149.0,1.0,20170331.0,20170430.0,0.0,18.0,20170327.0,0.0,1.0,0.0,1.0,10.0,12.0,2768.57,9.0,30.0,2.0,4,20070406.0,4.96666666667,1,1
Vq/3UdgdM4mbZrCn2uQHkUuOOs0JGjWu+l+u/UANzVc=,0,26,8.0,30.0,99.0,99.0,1.0,20170331.0,20170501.0,0.0,26.0,20170331.0,0.0,1.0,0.0,1.0,9.0,9.0,2854.169,1.0,0.0,0.0,1,20120715.0,3.3,1,1
NeVNvdne+29KOoDFRPhSsWcai2uO8BU+DPWZiKlR13E=,1,21,8.0,30.0,99.0,99.0,1.0,20170315.0,20170515.0,0.0,15.0,20170330.0,3.0,1.0,0.0,0.0,11.0,15.0,2048.997,1.0,0.0,0.0,1,20150915.0,3.3,1,1
3JYS2R93228yZqP2ioNLdYAyj9nwLmZvngt8KhSIHBg=,0,10,8.0,30.0,99.0,99.0,1.0,20170311.0,20170411.0,0.0,0.0,0.0,0.0,0.0,0.0,0.0,0.0,0.0,0.0,21.0,29.0,2.0,1,20130818.0,3.3,1,1
Atwlpf4f90YznHUS1xGYN6aIOdz2h1JgMDB9+cM+wAY=,0,38,8.0,30.0,149.0,149.0,1.0,20170309.0,20170409.0,0.0,24.0,20170331.0,1.0,0.0,0.0,0.0,0.0,1.0,0.5,1.0,0.0,2.0,1,20131218.0,4.96666666667,1,1
jAOoMhmUfw4BlKpvhSDOokW7Jw0gRNNyQ8jy2dFd9YA=,0,6,4.0,30.0,149.0,149.0,1.0,20170317.0,20170416.0,0.0,25.0,20170331.0,0.0,0.0,0.0,1.0,12.0,1.0,3278.439,19.0,0.0,0.0,6,20161012.0,4.96666666667,1,1
zgN1WfNfWa9E+by+h4P965QYqAfYNqD+EhjGyRox60k=,0,21,12.0,30.0,149.0,149.0,1.0,20170331.0,20170513.0,0.0,19.0,20170331.0,0.0,2.0,0.0,0.0,15.0,17.0,4049.847,17.0,31.0,2.0,4,20080311.0,4.96666666667,1,1
m2NNi8BgYha+jFXZCTwE3j83BYKsQWZAy6Tb7YcZEuE=,0,27,4.0,30.0,149.0,149.0,1.0,20170322.0,20170423.0,0.0,31.0,20170331.0,2.0,0.0,0.0,0.0,102.0,100.0,25591.42,9.0,26.0,2.0,4,20090922.0,4.96666666667,1,1
kGPuBTL/7wQ90EsUQhCeoyvK9jPn665NEUIE+zIOZ9I=,1,17,31.0,0.0,0.0,0.0,0.0,0.0,0.0,0.0,0.0,0.0,0.0,0.0,0.0,0.0,0.0,0.0,0.0,1.0,0.0,0.0,1,20151018.0,10.0,0,0
IkO0CwPHR1ncXayh5mbK4nZ5qrSRq4xGs8AGBElPego=,0,8,27.0,360.0,1200.0,1200.0,0.0,20170313.0,20180311.0,0.0,18.0,20170331.0,2.0,0.0,0.0,0.0,4.0,6.0,1018.325,1.0,20.0,0.0,4,20160406.0,3.33333333333,0,0
m7Pm3Yv69rtJAm75Lxxvpzy3dCQzRU5bRP5YBx9c9/4=,0,14,8.0,30.0,99.0,99.0,1.0,20170320.0,20170420.0,0.0,11.0,20170328.0,1.0,1.0,0.0,0.0,3.0,2.0,1170.499,1.0,0.0,0.0,1,20140224.0,3.3,1,1
O4vNov0qR1msCYxyQP1Dpxb0vggnfPm7DfLNKt6jYeI=,0,14,12.0,30.0,149.0,149.0,1.0,20170331.0,20170512.0,0.0,30.0,20170331.0,0.0,0.0,0.0,0.0,23.0,22.0,5106.809,13.0,28.0,1.0,4,20070123.0,4.96666666667,1,1
e1mAoYoilLOhT4lBnFP0EFGX1SoSWUsRwUOpG0W3Whk=,0,17,8.0,30.0,99.0,99.0,1.0,20170310.0,20170410.0,0.0,0.0,0.0,0.0,0.0,0.0,0.0,0.0,0.0,0.0,0.0,0.0,0.0,2,0.0,3.3,1,1
hFwCBO3y4n9Rgl+pQOJpPjUFWjS6bCDo7wDQjrHurKg=,0,21,12.0,30.0,149.0,149.0,1.0,20170331.0,20170517.0,0.0,19.0,20170331.0,0.0,0.0,0.0,0.0,1.0,1.0,274.019,12.0,54.0,1.0,4,20110916.0,4.96666666667,1,1
Tn2phYuiSJZOKDbOJt5sQcHXoeAbZ4ieltk/3AcPaZU=,0,10,8.0,30.0,99.0,99.0,1.0,20170308.0,20170408.0,0.0,0.0,0.0,0.0,0.0,0.0,0.0,0.0,0.0,0.0,0.0,0.0,0.0,2,0.0,3.3,1,1
rWRKfS8xzs4ueK0BfGoyuKuboVU85+zM8DBB+X3nsmo=,0,18,8.0,30.0,99.0,99.0,1.0,20170312.0,20170412.0,0.0,0.0,0.0,0.0,0.0,0.0,0.0,0.0,0.0,0.0,1.0,0.0,0.0,1,20151012.0,3.3,1,1
SNI3wTKNY3FaPA+ieBZm0WxCnUSAJpJ0C56P/DI1uFQ=,0,5,8.0,30.0,149.0,149.0,1.0,20170314.0,20170414.0,0.0,16.0,20170331.0,3.0,0.0,0.0,0.0,3.0,6.0,904.688,16.0,23.0,1.0,1,20161115.0,4.96666666667,1,1
wZuyBPRLpTAw1LZoRfMdZr+6/lYd8Pl+Sdem0ca7+wQ=,0,22,16.0,30.0,180.0,180.0,1.0,20170330.0,20170430.0,0.0,22.0,20170330.0,9.0,1.0,1.0,0.0,106.0,85.0,26739.733,17.0,29.0,1.0,4,20080827.0,6.0,1,1
30SCSTyXaq5+aKiJ7T+AuMbNy+Rjq426yRjMqmQ1RWM=,0,26,16.0,30.0,180.0,180.0,1.0,20170312.0,20170411.0,0.0,25.0,20170331.0,0.0,0.0,0.0,0.0,2.0,2.0,599.0,1.0,0.0,0.0,1,20111225.0,6.0,1,1
gC/UBIYkq0Tl95werC19iuiIlA+GWhMkz+XcuGrAThA=,0,21,12.0,30.0,149.0,149.0,1.0,20170331.0,20170507.0,0.0,31.0,20170331.0,0.0,0.0,0.0,0.0,10.0,10.0,2698.424,2.0,27.0,2.0,4,20120222.0,4.96666666667,1,1
YPmjlwkBBUrlaRlLj/BcY9XUYd2hNDW/c2MZ8rY5nM8=,1,15,31.0,0.0,0.0,0.0,0.0,0.0,0.0,0.0,0.0,0.0,0.0,0.0,0.0,0.0,0.0,0.0,0.0,0.0,0.0,0.0,2,0.0,10.0,0,0
NRTomGEcz6ynMlO+3HQImlmJCbn1H11V7tWS8fU5SqA=,0,2,8.0,30.0,149.0,149.0,1.0,20170310.0,20170410.0,0.0,29.0,20170331.0,3.0,1.0,0.0,0.0,8.0,4.0,2239.882,1.0,0.0,0.0,1,20170211.0,4.96666666667,1,1
a6s2OoTcpUhzECTtbNAbNyKy7ZMjZQD6fhILZQnGAas=,0,9,8.0,30.0,149.0,149.0,1.0,20170309.0,20170409.0,0.0,12.0,20170330.0,0.0,0.0,1.0,0.0,1.0,1.0,448.771,1.0,0.0,0.0,1,20160710.0,4.96666666667,1,1
8jDBdCAJuMDi/HY8Rnel2ecDyb28GxtsC7RxCxlapso=,0,14,8.0,30.0,99.0,99.0,1.0,20170320.0,20170420.0,0.0,21.0,20170331.0,3.0,0.0,0.0,2.0,5.0,4.0,1459.038,1.0,0.0,0.0,1,20160220.0,3.3,1,1
SYZlPnkcAEyOdWNMJ9CkLR40xXEmvGuLFYpMTy/Py2Q=,0,38,8.0,30.0,149.0,149.0,1.0,20170331.0,20170430.0,0.0,27.0,20170331.0,0.0,0.0,0.0,0.0,9.0,9.0,2037.548,1.0,0.0,0.0,1,20130426.0,4.96666666667,1,1
+5/PQYEmz+x/SdmNlQ+/birrfYZ8KJ8+id18LZ6g5Jo=,0,12,8.0,30.0,99.0,99.0,1.0,20170314.0,20170414.0,0.0,0.0,0.0,0.0,0.0,0.0,0.0,0.0,0.0,0.0,0.0,0.0,0.0,2,0.0,3.3,1,1
BYv9yv/VIpvsZY38K4b0PtPjRWsOjxixf6CO/E2wIw0=,0,17,8.0,30.0,99.0,99.0,1.0,20170331.0,20170430.0,0.0,0.0,0.0,0.0,0.0,0.0,0.0,0.0,0.0,0.0,1.0,0.0,0.0,1,20151031.0,3.3,1,1
2KmOO2acrLNPS2YyboVxD2iPqsO4Ix8TzZ3H+s8k7qg=,0,27,8.0,30.0,149.0,149.0,1.0,20170307.0,20170407.0,0.0,26.0,20170331.0,1.0,0.0,0.0,0.0,26.0,27.0,5847.461,9.0,28.0,1.0,1,20150108.0,4.96666666667,1,1
WWmtbA8C3geuthikBj0Ssuvnh1dEH/QkNu1rTabg22E=,0,13,8.0,30.0,99.0,99.0,1.0,20170314.0,20170414.0,0.0,0.0,0.0,0.0,0.0,0.0,0.0,0.0,0.0,0.0,0.0,0.0,0.0,2,0.0,3.3,1,1
Ed447zBbG/lvYbwWApO+mkjMa+8/QqKc9Q2ruNSe4f0=,0,23,1.0,30.0,149.0,149.0,1.0,20170331.0,20170430.0,0.0,29.0,20170331.0,16.0,2.0,3.0,1.0,114.0,118.0,29160.253,17.0,27.0,1.0,4,20070223.0,4.96666666667,1,1
zaHlU+1vfNaVlFPB8jEPvbngyUr+EQq/VtfsUAEMNLc=,0,29,13.0,30.0,149.0,149.0,1.0,20170301.0,20170331.0,0.0,28.0,20170331.0,0.0,0.0,0.0,0.0,6.0,6.0,1381.206,12.0,25.0,1.0,4,20110927.0,4.96666666667,1,1
qRzEETWXcrY4BzTWHlrQtq7l1jdLom4XUyo/NlqmvcU=,0,5,15.0,30.0,149.0,149.0,1.0,20170324.0,20170423.0,0.0,0.0,0.0,0.0,0.0,0.0,0.0,0.0,0.0,0.0,0.0,0.0,0.0,2,0.0,4.96666666667,1,1
cGAaWMjNyhV1wryh/j5AdNfRMsGEVFJ+iwZhvT3/PrY=,0,10,8.0,30.0,99.0,99.0,1.0,20170326.0,20170426.0,0.0,0.0,0.0,0.0,0.0,0.0,0.0,0.0,0.0,0.0,1.0,0.0,0.0,1,20160626.0,3.3,1,1
C+V86QuWw/PpSnNb/IEtMpTrQHMj53O1ju/dXclpbFs=,0,27,13.0,30.0,149.0,149.0,1.0,20170309.0,20170409.0,0.0,19.0,20170330.0,0.0,0.0,1.0,0.0,14.0,15.0,3143.539,17.0,34.0,1.0,4,20120603.0,4.96666666667,1,1
xWNIEODXSxfReQ8LUDsXmmQzsVFtCTBq/5vIfuuY7RQ=,0,27,8.0,30.0,149.0,149.0,1.0,20170327.0,20170428.0,0.0,25.0,20170331.0,1.0,1.0,0.0,0.0,2.0,2.0,632.449,12.0,27.0,2.0,1,20120405.0,4.96666666667,1,1
g784qcgxdnFc7QDEo+dqodyuivd4qd8v5L0FXxxwPkY=,0,6,8.0,30.0,99.0,99.0,1.0,20170316.0,20170416.0,0.0,2.0,20170318.0,1.0,0.0,0.0,0.0,16.0,17.0,4099.505,1.0,0.0,0.0,1,20161017.0,3.3,1,1
VnlK6HGgLWRB2YOpvE6ISJJ4UXBOcR2s4LTc4xnXqT8=,0,10,8.0,30.0,99.0,99.0,1.0,20170324.0,20170424.0,0.0,1.0,20170318.0,0.0,0.0,0.0,0.0,60.0,59.0,13830.0,1.0,0.0,0.0,1,20160624.0,3.3,1,1
HV3odnNtMfdud7Uw63SJviF3X0IiWmZAXo4Bn+YkDsk=,0,11,8.0,30.0,99.0,99.0,1.0,20170331.0,20170430.0,0.0,14.0,20170331.0,1.0,0.0,0.0,0.0,12.0,13.0,2971.801,1.0,0.0,0.0,1,20151221.0,3.3,1,1
QHlEhsI8WJBH18RdraCFfwSWJXklGWG3xqffsDshrTA=,0,27,8.0,30.0,99.0,99.0,1.0,20170324.0,20170424.0,0.0,21.0,20170331.0,3.0,2.0,0.0,3.0,13.0,10.0,3861.572,1.0,0.0,0.0,1,20140802.0,3.3,1,1
lsnBTJ4wcTn5lmIcfdjKbbO5ScIuOhuh/JQkwJNG4bM=,0,22,12.0,30.0,149.0,149.0,1.0,20170331.0,20170518.0,0.0,2.0,20170303.0,0.0,1.0,0.0,0.0,0.0,1.0,58.566,12.0,27.0,2.0,4,20111127.0,4.96666666667,1,1
L/VnaisFsKJxNDzc5NppLvckUfE76eAAj/q4C4Pq3dg=,0,17,8.0,30.0,149.0,149.0,1.0,20170331.0,20170430.0,0.0,1.0,20170307.0,1.0,0.0,0.0,0.0,18.0,1.0,4803.673,1.0,0.0,0.0,1,20151101.0,4.96666666667,1,1
1VpDkQvHNmETax/th+QAee8dPps5Q8pW6xL/sb1/YdE=,0,4,12.0,30.0,149.0,149.0,1.0,20170331.0,20170516.0,0.0,28.0,20170331.0,1.0,0.0,0.0,0.0,3.0,4.0,977.49,18.0,112.0,1.0,6,20161220.0,4.96666666667,1,1
TNcmF+Jiun98mJV2MDRX0V6YOgPoDTfQYH7u8LLdrRU=,0,23,7.0,30.0,149.0,149.0,1.0,20170331.0,20170430.0,0.0,16.0,20170329.0,0.0,1.0,0.0,0.0,16.0,16.0,4159.709,12.0,33.0,1.0,4,20040331.0,4.96666666667,1,1
9QZQko93Os+z0Fncl1h4xG++acMcSnACOBSR20mK25A=,0,27,8.0,30.0,149.0,149.0,1.0,20170327.0,20170427.0,0.0,11.0,20170329.0,13.0,2.0,2.0,1.0,11.0,27.0,3770.426,19.0,33.0,2.0,1,20141025.0,4.96666666667,1,1
8mS9edJKniGiZiuTaWZ5NT6uVj1Nsq162mM+rW/rdzI=,0,27,8.0,30.0,149.0,149.0,1.0,20170311.0,20170411.0,0.0,28.0,20170331.0,3.0,4.0,3.0,2.0,12.0,17.0,4200.179,1.0,27.0,1.0,1,20121130.0,4.96666666667,1,1
vUn1ncYEuMukvPoa77kHFHrP7TE8h0pdc7V6OJFkyJI=,1,21,12.0,30.0,149.0,149.0,1.0,20170331.0,20170516.0,0.0,5.0,20170330.0,0.0,0.0,0.0,0.0,6.0,6.0,1674.704,9.0,33.0,2.0,4,20080413.0,4.96666666667,1,1
F2UaDkg2+L6IQh8+o7Ibo5hxbaSSMQ/9RqrNWuSt0Wg=,0,12,8.0,30.0,99.0,99.0,1.0,20170327.0,20170427.0,0.0,16.0,20170329.0,1.0,1.0,0.0,1.0,12.0,15.0,3191.804,1.0,0.0,0.0,1,20160427.0,3.3,1,1
eBlrjh0OGTCHe1hYgv3WqwCnXQxjQkdd8hvPL9i08c4=,1,36,8.0,30.0,149.0,149.0,1.0,20160222.0,20170913.0,0.0,0.0,0.0,0.0,0.0,0.0,0.0,0.0,0.0,0.0,0.0,0.0,0.0,2,0.0,4.96666666667,1,1
oDLq7Wf/9Y31rmVUUrzbeYqPsUenQ5ZH73b7h1uDozg=,0,9,13.0,30.0,149.0,149.0,1.0,20170322.0,20170421.0,0.0,18.0,20170331.0,0.0,0.0,0.0,0.0,105.0,54.0,27306.491,13.0,28.0,1.0,4,20080224.0,4.96666666667,1,1
eP/8j4LhUD9wV4/nyE99KrH5L8tzKmwBPLv6lB4xedU=,0,23,1.0,30.0,149.0,149.0,1.0,20170331.0,20170430.0,0.0,14.0,20170328.0,0.0,0.0,1.0,2.0,81.0,62.0,19918.868,17.0,44.0,2.0,4,20041003.0,4.96666666667,1,1
M0iCjmwr3AnX5YNnukHq/84+O/oU6GmHR5sY2EFVOck=,0,17,8.0,30.0,99.0,99.0,1.0,20170319.0,20170419.0,0.0,0.0,0.0,0.0,0.0,0.0,0.0,0.0,0.0,0.0,0.0,0.0,0.0,2,0.0,3.3,1,1
C/JwvUQ7eKddApRJ6pmhWt2416fv0ODiB2Ys2erqQ5k=,0,19,8.0,30.0,99.0,99.0,1.0,20170322.0,20170422.0,0.0,3.0,20170331.0,4.0,3.0,2.0,1.0,11.0,20.0,3552.231,1.0,0.0,0.0,1,20150923.0,3.3,1,1
AH5tjIfTL/4rbIfD5oJxhZgDvN9ornJXhf0eOWJJ5iE=,0,21,12.0,30.0,149.0,149.0,1.0,20170331.0,20170508.0,0.0,29.0,20170331.0,28.0,3.0,0.0,5.0,46.0,80.0,13488.459,14.0,29.0,2.0,4,20090527.0,4.96666666667,1,1
0a7ShH5b3cLS9fchO8XwdjK7LPTfhHmCPDeq3coiNPs=,0,9,8.0,30.0,99.0,99.0,1.0,20170325.0,20170425.0,0.0,0.0,0.0,0.0,0.0,0.0,0.0,0.0,0.0,0.0,1.0,0.0,0.0,1,20160725.0,3.3,1,1
8n2+WHxnSBu2ohuzMS2mzPyXtn+z3AZwMPmShfzhzGo=,0,15,8.0,30.0,99.0,99.0,1.0,20170309.0,20170409.0,0.0,0.0,0.0,0.0,0.0,0.0,0.0,0.0,0.0,0.0,0.0,0.0,0.0,2,0.0,3.3,1,1
q6EMVE78H33qNqUbMcUf/hk89bkD+C+d6873USYLt5E=,0,20,16.0,30.0,180.0,180.0,1.0,20170303.0,20170402.0,0.0,4.0,20170311.0,0.0,1.0,0.0,1.0,0.0,2.0,399.151,17.0,26.0,1.0,4,20071210.0,6.0,1,1
05018zWNZCxHg56pd7WXIHRGWdIU5DdzJKm9mPWf210=,0,7,13.0,30.0,149.0,149.0,1.0,20170322.0,20170421.0,0.0,18.0,20170331.0,0.0,0.0,0.0,0.0,9.0,9.0,2200.0,5.0,22.0,2.0,4,20150930.0,4.96666666667,1,1
uHZuNIn1KyDBE4gFioyPCd0zzB1zZb04R30pieEYrWg=,0,12,4.0,30.0,149.0,149.0,1.0,20170303.0,20170405.0,0.0,26.0,20170331.0,4.0,1.0,0.0,2.0,5.0,11.0,1914.528,16.0,25.0,1.0,4,20150901.0,4.96666666667,1,1
Z3ubOE1vikEf6lsoPHnspwGNnsM+w02kU4yqf4OjErM=,0,27,13.0,30.0,149.0,149.0,1.0,20170302.0,20170401.0,0.0,0.0,0.0,0.0,0.0,0.0,0.0,0.0,0.0,0.0,8.0,0.0,0.0,4,20140519.0,4.96666666667,1,1
Kt9lvbklOtoTM/jkAL8fKTpn8Ua7kZiLuizq8iu9vFM=,0,10,8.0,30.0,99.0,99.0,1.0,20170325.0,20170425.0,0.0,4.0,20170316.0,2.0,0.0,1.0,0.0,1.0,3.0,406.167,1.0,0.0,0.0,1,20160625.0,3.3,1,1
tbHlOqEa9dvJrYjaHzEYBGiK3ipndQ0WzwgkAS3L1bg=,0,21,13.0,30.0,149.0,149.0,1.0,20170301.0,20170406.0,0.0,29.0,20170331.0,1.0,1.0,0.0,1.0,18.0,12.0,3906.086,17.0,40.0,1.0,4,20051022.0,4.96666666667,1,1
yLHLDDxA6D5z36QSxmjRphb5VCCkd2chks5iu3wcN48=,0,27,8.0,30.0,149.0,149.0,1.0,20170325.0,20170428.0,0.0,0.0,0.0,0.0,0.0,0.0,0.0,0.0,0.0,0.0,12.0,30.0,1.0,1,20130226.0,4.96666666667,1,1
hbYoVTl1JHM4KVgMTHCvsgTvRE4lKd8Th4EiTYpRHnk=,0,9,8.0,30.0,99.0,99.0,1.0,20170301.0,20170401.0,0.0,0.0,0.0,0.0,0.0,0.0,0.0,0.0,0.0,0.0,1.0,0.0,0.0,1,20140121.0,3.3,1,1
yh4i/2EMT6dlV5ShQulyGy2DpwqoRjsiH2C3X7P9te4=,0,27,4.0,30.0,149.0,149.0,1.0,20170307.0,20170407.0,0.0,0.0,0.0,0.0,0.0,0.0,0.0,0.0,0.0,0.0,0.0,0.0,0.0,2,0.0,4.96666666667,1,1
offZVkLxzdoJB86P1fmjbLO0KTaiVPj8GK6wLwMWYa8=,0,22,19.0,30.0,149.0,149.0,0.0,20170321.0,20170420.0,0.0,23.0,20170331.0,7.0,3.0,0.0,0.0,48.0,38.0,12419.952,9.0,22.0,1.0,4,20140316.0,4.96666666667,0,0
KZ8SVdo3UsB/LqHQ0SjlxnQfggO9OoXtLbHpC3tpZw4=,0,11,8.0,30.0,99.0,99.0,1.0,20170307.0,20170407.0,0.0,24.0,20170331.0,3.0,1.0,0.0,0.0,68.0,63.0,15725.528,13.0,29.0,1.0,1,20160507.0,3.3,1,1
FPKymIuLBJwbCsCojrKsg0VqDV+OrQNSRNHwGpKoIMs=,0,19,8.0,30.0,99.0,99.0,1.0,20170317.0,20170417.0,0.0,0.0,0.0,0.0,0.0,0.0,0.0,0.0,0.0,0.0,0.0,0.0,0.0,2,0.0,3.3,1,1
iWZVNSmhzqBFwqac1ghtvzcV7ICTNPalL6bXPsWCP6c=,0,17,8.0,30.0,99.0,99.0,1.0,20170326.0,20170426.0,0.0,18.0,20170331.0,0.0,0.0,0.0,0.0,20.0,20.0,4737.124,1.0,0.0,0.0,1,20151127.0,3.3,1,1
7HisRJ9SVkgoFK7/417o95Sw6CagsH/f/3DLRC3DtCU=,0,23,13.0,30.0,149.0,149.0,1.0,20170323.0,20170422.0,0.0,31.0,20170331.0,0.0,0.0,0.0,0.0,261.0,234.0,56114.169,13.0,27.0,2.0,4,20100218.0,4.96666666667,1,1
BijxgLkQ6aryaGRb103VJoiKxBb6mUMkRVAdxqEp76Q=,0,28,8.0,30.0,99.0,99.0,1.0,20170321.0,20170425.0,0.0,30.0,20170331.0,0.0,0.0,0.0,0.0,18.0,14.0,4272.61,1.0,0.0,0.0,1,20101130.0,3.3,1,1
5Zj4u5QaQgPVBOSLgG64hHmDsv6BU5edD3Go24VwhJM=,0,27,13.0,30.0,149.0,149.0,1.0,20170323.0,20170422.0,0.0,30.0,20170331.0,0.0,0.0,0.0,0.0,32.0,17.0,7494.837,8.0,0.0,2.0,4,20040731.0,4.96666666667,1,1
o5xE4ck1HaK2bb006+HbUo0MiyMsaa/SbBi7c04P240=,0,5,8.0,30.0,99.0,99.0,1.0,20170323.0,20170423.0,0.0,0.0,0.0,0.0,0.0,0.0,0.0,0.0,0.0,0.0,12.0,52.0,1.0,1,20161124.0,3.3,1,1
jCP3T6Ij6hMhmOGHSvF/L7cz7Oj6viHT5vjPeJH1l0g=,0,9,8.0,30.0,99.0,99.0,1.0,20170326.0,20170426.0,0.0,9.0,20170326.0,13.0,7.0,3.0,4.0,34.0,56.0,10369.906,1.0,0.0,0.0,1,20160727.0,3.3,1,1
ZhVkGqQZ/xPE722L3qKJy3AcdKTCdoiTTwtH3cpeYEo=,0,21,12.0,30.0,149.0,149.0,1.0,20170331.0,20170510.0,0.0,29.0,20170331.0,14.0,2.0,4.0,4.0,70.0,64.0,18977.295,13.0,35.0,2.0,4,20110909.0,4.96666666667,1,1
zPgoDs5HNMnK55A7ITVk5ZIOZn6JCsTxSkRCTbs8VUw=,0,18,8.0,30.0,99.0,99.0,1.0,20170304.0,20170404.0,0.0,19.0,20170331.0,0.0,0.0,0.0,0.0,5.0,5.0,1188.986,1.0,0.0,0.0,1,20151004.0,3.3,1,1
NCA7SqQVXXJK7msKNGm3u+x5IMHiX6VcBrQkG4H+Ze0=,0,21,8.0,30.0,99.0,99.0,1.0,20170323.0,20170423.0,0.0,31.0,20170331.0,5.0,3.0,4.0,2.0,68.0,72.0,17736.841,1.0,0.0,0.0,1,20150724.0,3.3,1,1
qZmR62iK6NYaK8xAWEgReK3/AJp/B7WufXe9irJW95Y=,0,10,8.0,30.0,99.0,99.0,1.0,20170302.0,20170402.0,0.0,0.0,0.0,0.0,0.0,0.0,0.0,0.0,0.0,0.0,0.0,0.0,0.0,2,0.0,3.3,1,1
ndJ/RiA8QnNftlOSJT67LeVlVxWhfzc38wfI97AK86g=,0,17,8.0,30.0,99.0,99.0,1.0,20170312.0,20170412.0,0.0,2.0,20170326.0,0.0,0.0,0.0,0.0,28.0,28.0,5573.0,1.0,0.0,0.0,1,20151113.0,3.3,1,1
upOBadXh3fBn/9w4qNQdhSXSQiLygtUi+0VNPsgaSD4=,0,17,8.0,30.0,99.0,99.0,1.0,20170321.0,20170421.0,0.0,31.0,20170331.0,1.0,2.0,0.0,0.0,14.0,16.0,3478.371,1.0,0.0,0.0,1,20130721.0,3.3,1,1
Usln407PGWL7t5+e8oRa66bH+XBR4SCL0PsUDHJLX6k=,0,4,8.0,30.0,99.0,99.0,1.0,20170318.0,20170418.0,0.0,27.0,20170331.0,2.0,1.0,0.0,0.0,2.0,4.0,472.363,1.0,0.0,0.0,1,20161219.0,3.3,1,1
WB34a3XS/0C6gx07qVhkWVaiBt8sFphWwrvnTSBkyrk=,1,23,8.0,30.0,99.0,99.0,1.0,20170326.0,20170527.0,0.0,6.0,20170321.0,0.0,0.0,0.0,0.0,1.0,1.0,250.0,1.0,0.0,0.0,1,20150726.0,3.3,1,1
P1+nJ3p6bL5rY9kTIkKO9xHCpto7rXED/aAemZjrRpI=,0,20,13.0,30.0,149.0,149.0,1.0,20170301.0,20170406.0,0.0,12.0,20170331.0,0.0,0.0,0.0,0.0,5.0,5.0,1336.097,9.0,37.0,2.0,4,20080409.0,4.96666666667,1,1
/xJlIj2HISGRWC65Y0VOLWwXpDVGeR/cOK8eOOb7r5Y=,0,21,8.0,30.0,99.0,99.0,1.0,20170310.0,20170410.0,0.0,0.0,0.0,0.0,0.0,0.0,0.0,0.0,0.0,0.0,1.0,0.0,0.0,1,20150711.0,3.3,1,1
dYYv3TxN+CuKxD6IYXfgc4ekO/Y3n2Uv040qTSEf2dA=,0,15,8.0,30.0,99.0,99.0,1.0,20170310.0,20170410.0,0.0,25.0,20170330.0,1.0,0.0,0.0,0.0,0.0,1.0,1.718,1.0,0.0,0.0,1,20160110.0,3.3,1,1
TCoyZ8kWNaGcpPYHclmFOab+zvCBQUsNPxhfH7PuF/Q=,0,18,12.0,30.0,149.0,149.0,1.0,20170331.0,20170507.0,0.0,21.0,20170330.0,1.0,0.0,0.0,0.0,14.0,1.0,2282.813,9.0,33.0,1.0,4,20050915.0,4.96666666667,1,1
nv1AUFfOItin2AaOY+6hsQqeE92ntajkHe48LP9IRMQ=,0,28,8.0,30.0,129.0,129.0,1.0,20170316.0,20170418.0,0.0,22.0,20170331.0,6.0,3.0,0.0,0.0,23.0,30.0,6684.065,1.0,0.0,0.0,1,20111109.0,4.3,1,1
DVm/VLY7nNneCx07xJX6JRSV8cNobyVahGmGqiYjy7U=,0,13,8.0,30.0,99.0,99.0,1.0,20170312.0,20170412.0,0.0,26.0,20170331.0,1.0,0.0,0.0,0.0,43.0,33.0,9930.775,1.0,0.0,0.0,1,20140223.0,3.3,1,1
yHAzU1Fbhk/m5aTWnP0EdZVn9jvIbJkWeeCcGY3ctMo=,0,4,8.0,30.0,149.0,149.0,1.0,20170311.0,20170411.0,0.0,14.0,20170329.0,0.0,0.0,1.0,0.0,4.0,3.0,1179.528,1.0,0.0,0.0,1,20161212.0,4.96666666667,1,1
HDAdC0zI7euw6pgmGLCwJZibhgoJsCXxuhUaBWIlcQU=,0,21,12.0,30.0,149.0,149.0,1.0,20170331.0,20170527.0,0.0,3.0,20170308.0,0.0,0.0,0.0,1.0,31.0,32.0,8291.376,16.0,0.0,0.0,5,20120922.0,4.96666666667,1,1
2I45WjqlAEDcnrWinpHOePAugwI9ZhiRKi6JCOSnXvU=,0,10,8.0,30.0,99.0,99.0,1.0,20170320.0,20170420.0,0.0,24.0,20170330.0,92.0,0.0,1.0,8.0,21.0,90.0,6973.596,1.0,0.0,0.0,1,20160621.0,3.3,1,1
AMcdoyEInF5jbUE7rBThsSireO6mkPae1oOVHMBevKE=,0,16,8.0,30.0,99.0,99.0,1.0,20170309.0,20170409.0,0.0,16.0,20170331.0,0.0,0.0,0.0,1.0,7.0,8.0,2234.805,1.0,0.0,0.0,1,20151210.0,3.3,1,1
Yup35mUUN7hiA/OPue33iFzeyeDY8Vs+OwaUqBka04o=,0,22,12.0,30.0,149.0,149.0,1.0,20170331.0,20170506.0,0.0,0.0,0.0,0.0,0.0,0.0,0.0,0.0,0.0,0.0,14.0,29.0,2.0,5,20141115.0,4.96666666667,1,1
4I31EIWvDrdA0mGQrRzrd9nkWD5Z6cBy4SWA/MIorAo=,1,15,31.0,0.0,0.0,0.0,0.0,0.0,0.0,0.0,12.0,20170312.0,1.0,0.0,0.0,0.0,13.0,14.0,3251.482,17.0,47.0,2.0,4,20060921.0,10.0,0,0
GCcY7/3a7vx1IcDGv8zrI8dOGzxcFuHxRbRseUwlDNE=,0,10,13.0,30.0,149.0,149.0,1.0,20170308.0,20170407.0,0.0,5.0,20170329.0,0.0,1.0,0.0,1.0,5.0,6.0,1766.898,20.0,0.0,0.0,5,20130829.0,4.96666666667,1,1
DPsmFoz1NnkLIPsoQR7Q6C75Irbw2ebmLRqXbP/x940=,0,10,13.0,30.0,149.0,149.0,1.0,20170301.0,20170406.0,0.0,5.0,20170325.0,1.0,2.0,0.0,0.0,7.0,10.0,2018.699,12.0,0.0,0.0,4,20150820.0,4.96666666667,1,1
ui3+cytbB1FKFwbHr50MGTx0wz8my8XKxctmbq3JQnw=,1,24,27.0,90.0,300.0,300.0,0.0,20170125.0,20170417.0,0.0,24.0,20170331.0,9.0,0.0,4.0,3.0,30.0,44.0,8696.419,7.0,20.0,2.0,4,20141010.0,3.33333333333,0,0
jknQdjxMfud8ucAGRXPxBOQxwaKCw+bCchgyMYJb8R8=,0,21,8.0,30.0,99.0,99.0,1.0,20170321.0,20170421.0,0.0,0.0,0.0,0.0,0.0,0.0,0.0,0.0,0.0,0.0,0.0,0.0,0.0,2,0.0,3.3,1,1
/VWu1WChTtFohftDifF/XeJpLDVOCGBVoo9yWf7tgoc=,0,27,8.0,30.0,129.0,129.0,1.0,20170310.0,20170414.0,0.0,19.0,20170331.0,2.0,3.0,1.0,2.0,38.0,27.0,9276.174,12.0,29.0,1.0,1,20110211.0,4.3,1,1
YDN+jwdVdy2Ej71HVP0Aajd1iQmk49iIOcadLP9IDF0=,0,18,16.0,30.0,180.0,180.0,1.0,20170312.0,20170411.0,0.0,21.0,20170331.0,0.0,0.0,0.0,0.0,13.0,1.0,2177.461,7.0,20.0,2.0,4,20110709.0,6.0,1,1
neXYRrVGPO7for7Zu9SN1TqgdVI/06ULHrQL3fIsXrs=,0,10,8.0,30.0,149.0,149.0,1.0,20170318.0,20170418.0,0.0,27.0,20170330.0,0.0,0.0,0.0,0.0,1.0,1.0,450.0,17.0,59.0,2.0,1,20160619.0,4.96666666667,1,1
36rabaBKREqRQwiVab3S+HAvJXrF8YNyyDxudYCaUwE=,0,19,8.0,30.0,99.0,99.0,1.0,20170311.0,20170411.0,0.0,0.0,0.0,0.0,0.0,0.0,0.0,0.0,0.0,0.0,1.0,0.0,0.0,1,20150713.0,3.3,1,1
XFPfwUifqRDMDUlQNIv5HAd3l8IrHiGPX0SRin0TIgQ=,0,6,8.0,30.0,99.0,99.0,1.0,20170331.0,20170430.0,0.0,28.0,20170331.0,50.0,13.0,1.0,4.0,71.0,130.0,20000.775,1.0,0.0,0.0,1,20161030.0,3.3,1,1
dfEe8fuXAaQl0av9xn7kNXmHImMvpthQyNEaGEXlwmA=,1,5,28.0,180.0,536.0,536.0,0.0,20170307.0,20170908.0,0.0,30.0,20170331.0,2.0,0.0,0.0,0.0,62.0,28.0,15061.501,9.0,30.0,1.0,4,20130825.0,2.97777777778,0,0
Eg9A1HBi2ha2+zxDpfnXtPAKO6OAJv5EJHwuh5QQRb8=,0,5,8.0,30.0,149.0,149.0,1.0,20170308.0,20170408.0,0.0,0.0,0.0,0.0,0.0,0.0,0.0,0.0,0.0,0.0,0.0,0.0,0.0,2,0.0,4.96666666667,1,1
SyW4sV1ljdp02xyRww/5PyYKs/N+DFpDFmVvEDNabkA=,0,23,1.0,30.0,149.0,149.0,1.0,20170331.0,20170430.0,0.0,22.0,20170330.0,21.0,4.0,1.0,0.0,47.0,41.0,11121.267,9.0,34.0,1.0,4,20100506.0,4.96666666667,1,1
d6Wk8MYONOEyvVXFEeOWNfCPLdqqfSHwmq126n78Mjk=,0,19,8.0,30.0,99.0,99.0,1.0,20170326.0,20170426.0,0.0,22.0,20170331.0,0.0,0.0,0.0,0.0,1.0,1.0,230.0,1.0,0.0,0.0,1,20150926.0,3.3,1,1
GhWad3WFORxdRZSaeZCyhCex8OfIxbHLNsKgPftlPAQ=,0,5,31.0,0.0,0.0,0.0,0.0,0.0,0.0,0.0,13.0,20170316.0,0.0,0.0,1.0,0.0,0.0,1.0,170.165,12.0,23.0,2.0,6,20151128.0,10.0,0,0
Vui6N6/VPxGw4VaJZUi1bDVLvyfZ7C0st9xFeqGhq8M=,0,16,13.0,30.0,149.0,149.0,1.0,20170303.0,20170404.0,0.0,12.0,20170329.0,5.0,0.0,0.0,0.0,0.0,3.0,10.196,14.0,0.0,0.0,6,20151202.0,4.96666666667,1,1
n4x3VHdQtIAMOq7EWHdZJJ8hb4BhInLU5fdrV+T++SI=,0,21,8.0,30.0,99.0,99.0,1.0,20170320.0,20170420.0,0.0,1.0,20170312.0,22.0,3.0,0.0,1.0,6.0,15.0,1933.053,1.0,0.0,0.0,1,20150720.0,3.3,1,1
ddjimML9r8qSnVtVIBMniKAURhT2tH9TSuiOoACw3s4=,0,27,13.0,30.0,149.0,149.0,1.0,20170326.0,20170426.0,0.0,30.0,20170331.0,3.0,1.0,1.0,0.0,11.0,13.0,3093.474,9.0,36.0,1.0,4,20080504.0,4.96666666667,1,1
XAhugKSMti8mSv3b6UcJks6ClXa26Nmp2O7tPdS/Bs8=,0,28,8.0,30.0,99.0,99.0,1.0,20170314.0,20170414.0,0.0,10.0,20170331.0,3.0,1.0,0.0,0.0,1.0,5.0,401.913,17.0,51.0,1.0,1,20140322.0,3.3,1,1
+uEyhJshxIdnFFdHnpZb9zP+IDDw5Kr6FZkE/I4im5I=,0,27,6.0,30.0,149.0,149.0,1.0,20170305.0,20170405.0,0.0,23.0,20170331.0,0.0,0.0,0.0,0.0,6.0,6.0,1533.649,9.0,19.0,2.0,4,20100402.0,4.96666666667,1,1
nmJ+1DsYPWxTiyla+OrrJARl7SKhpgUF6eOUGuTnq3A=,0,25,13.0,30.0,149.0,149.0,1.0,20170321.0,20170420.0,0.0,18.0,20170331.0,9.0,0.0,2.0,0.0,16.0,27.0,4294.07,16.0,34.0,1.0,5,20140625.0,4.96666666667,1,1
4vl6jtH8z4awi2YeviCMVGO/icJyJECECfCVJ991q+8=,0,8,8.0,30.0,99.0,99.0,1.0,20170311.0,20170411.0,0.0,17.0,20170331.0,0.0,0.0,0.0,0.0,43.0,20.0,11689.0,1.0,0.0,0.0,1,20160811.0,3.3,1,1
hz6ugbXR0UV7rS6ZxmNunJzDIBheV7Hhcf2Nm+YQMrY=,0,11,8.0,30.0,99.0,99.0,1.0,20170303.0,20170403.0,0.0,31.0,20170331.0,6.0,0.0,0.0,1.0,32.0,37.0,8280.518,1.0,0.0,0.0,1,20131207.0,3.3,1,1
xGze7aRmNtjGn0iM6oI+NzRVZ+n6s8GZz6AeK8pWNTs=,0,16,15.0,30.0,149.0,149.0,1.0,20170301.0,20170331.0,0.0,13.0,20170330.0,1.0,0.0,0.0,0.0,10.0,10.0,2435.689,13.0,20.0,1.0,4,20150531.0,4.96666666667,1,1
/x8FmaR9+GpOuGRjxBAQEKOCPmDLmHK4TaN21dLzKPU=,0,6,19.0,90.0,477.0,477.0,0.0,20170311.0,20170707.0,0.0,18.0,20170331.0,0.0,0.0,0.0,0.0,10.0,10.0,2661.0,14.0,23.0,1.0,6,20161124.0,5.3,0,0
ioa3wPJIs9NSwIoEvvbPy0aUdQa8O6athPmcmOs/eHI=,0,3,8.0,30.0,100.0,100.0,1.0,20170315.0,20170415.0,0.0,20.0,20170330.0,21.0,2.0,3.0,4.0,12.0,19.0,4133.257,1.0,0.0,0.0,1,20170116.0,3.33333333333,1,1
Bi/xhjnV5sTqmt7iEvwtfVhAyObqtTdo34PfBRSDqHU=,0,8,8.0,30.0,99.0,99.0,1.0,20170309.0,20170409.0,0.0,0.0,0.0,0.0,0.0,0.0,0.0,0.0,0.0,0.0,1.0,0.0,0.0,1,20160810.0,3.3,1,1
rfmR6K97+oWG33SaLUWJog8zQL9VEXrmGZVUEm7Ymh8=,1,5,31.0,0.0,0.0,0.0,0.0,0.0,0.0,0.0,3.0,20170306.0,2.0,0.0,0.0,0.0,5.0,6.0,1347.835,12.0,27.0,1.0,5,20160831.0,10.0,0,0
uHNIXhayWx6WXLLIbgbE7dPAUImW0iDeSlUi8Ahbjxk=,0,18,8.0,30.0,99.0,99.0,1.0,20170303.0,20170403.0,0.0,1.0,20170302.0,0.0,0.0,0.0,0.0,24.0,24.0,5435.0,1.0,0.0,0.0,1,20151003.0,3.3,1,1
1FqGlu+ZmVripPaIyG03Bt56/t2bqWJDIRmQ4SrCzJM=,0,10,8.0,30.0,99.0,99.0,1.0,20170325.0,20170425.0,0.0,0.0,0.0,0.0,0.0,0.0,0.0,0.0,0.0,0.0,0.0,0.0,0.0,2,0.0,3.3,1,1
pIwwztKoueMiyMXBD42VGeB9wf201ZGFGiFXutKX/08=,0,25,28.0,180.0,600.0,600.0,0.0,20170206.0,20170806.0,0.0,31.0,20170331.0,12.0,1.0,0.0,0.0,21.0,27.0,5295.898,17.0,26.0,2.0,4,20150503.0,3.33333333333,0,0
Kt2kPYoRXmUxLCKdR3hh1zc5CRxogtOV4/51Moc1jBI=,0,10,8.0,30.0,149.0,149.0,1.0,20170331.0,20170430.0,0.0,19.0,20170330.0,3.0,1.0,0.0,0.0,3.0,4.0,901.512,1.0,0.0,0.0,1,20130310.0,4.96666666667,1,1
yQIoMFyIhKwVFrxhqWeteYEJY5u+BMsucWSPiJG2plk=,0,8,8.0,30.0,99.0,99.0,1.0,20170305.0,20170405.0,0.0,0.0,0.0,0.0,0.0,0.0,0.0,0.0,0.0,0.0,0.0,0.0,0.0,2,0.0,3.3,1,1
8eKm/kDSMS0G/xeJfh54UNXx1NA40Gw6CjASzXX5lQE=,0,27,13.0,30.0,149.0,149.0,1.0,20170307.0,20170406.0,0.0,0.0,0.0,0.0,0.0,0.0,0.0,0.0,0.0,0.0,9.0,30.0,2.0,4,20060102.0,4.96666666667,1,1
4AJWTy5cEo9ZiZbYKICE/8EoMhaafZfb92DOFd/xea8=,0,27,8.0,30.0,149.0,149.0,1.0,20170313.0,20170413.0,0.0,20.0,20170324.0,5.0,1.0,1.0,0.0,18.0,24.0,4613.467,1.0,0.0,1.0,1,20130214.0,4.96666666667,1,1
9EVeSp8KmknzgY8A4fFH0OzUFerULKVTFtYDuThncfk=,0,17,8.0,30.0,99.0,99.0,1.0,20170331.0,20170430.0,0.0,0.0,0.0,0.0,0.0,0.0,0.0,0.0,0.0,0.0,0.0,0.0,0.0,2,0.0,3.3,1,1
NL7REdqOqtJl7Y6DGOc1m9xlMozRcDiXGl1B6SM3jAA=,0,14,16.0,30.0,180.0,180.0,0.0,20170330.0,20170429.0,0.0,13.0,20170330.0,0.0,0.0,0.0,0.0,1.0,1.0,295.419,1.0,0.0,0.0,6,20160113.0,6.0,0,0
7f8DDD1bVMEbK3CQtJX3ULclEAfyYhEm3g8ghPicAzg=,0,23,1.0,30.0,149.0,149.0,1.0,20170331.0,20170430.0,0.0,2.0,20170314.0,2.0,2.0,1.0,0.0,5.0,8.0,1720.36,2.0,0.0,2.0,4,20040713.0,4.96666666667,1,1
RL/MSLct8uga5MLT6n+iT1TbXSb754AoFkRv/ARQz9Y=,0,27,8.0,30.0,149.0,149.0,1.0,20170310.0,20170411.0,0.0,18.0,20170330.0,0.0,0.0,0.0,1.0,1.0,2.0,486.843,1.0,0.0,0.0,1,20120807.0,4.96666666667,1,1
x2/zaEGSp/515+MKDDXNHYSC30IOdogjlc3hbD+zVU4=,0,29,8.0,30.0,149.0,149.0,1.0,20170327.0,20170427.0,0.0,1.0,20170304.0,2.0,1.0,1.0,0.0,0.0,4.0,329.352,1.0,0.0,0.0,1,20130618.0,4.96666666667,1,1
zCn4ghTCx8y61wXbqa+bX75j1xA45L23ccJrEkTGmX8=,0,23,1.0,30.0,149.0,149.0,1.0,20170331.0,20170430.0,0.0,8.0,20170326.0,1.0,0.0,0.0,1.0,128.0,99.0,28398.53,17.0,33.0,1.0,4,20060902.0,4.96666666667,1,1
xsgEefpQiTx/UzTnrYO+LzsKTNl1OwugSwroDIdCiME=,0,27,8.0,30.0,129.0,129.0,1.0,20170313.0,20170414.0,0.0,0.0,0.0,0.0,0.0,0.0,0.0,0.0,0.0,0.0,0.0,0.0,0.0,2,0.0,4.3,1,1
xjOMdgivisAPAur36QFXEENVeqakmP65vSgNsrtCDsE=,0,5,8.0,30.0,99.0,99.0,1.0,20170323.0,20170423.0,0.0,6.0,20170331.0,1.0,0.0,1.0,0.0,44.0,43.0,11747.034,1.0,0.0,0.0,1,20161123.0,3.3,1,1
lBp84edO4VPlB54cLvZtntG+jzpB+UQIDjCTwBG1TZQ=,0,17,8.0,30.0,99.0,99.0,1.0,20170307.0,20170407.0,0.0,16.0,20170330.0,2.0,0.0,0.0,0.0,20.0,17.0,4642.382,7.0,20.0,2.0,1,20151107.0,3.3,1,1
wr8vdqPXt4X2PINzLy0NUXElF59JAM80STramxWmzYE=,0,14,8.0,30.0,99.0,99.0,1.0,20170303.0,20170403.0,0.0,0.0,0.0,0.0,0.0,0.0,0.0,0.0,0.0,0.0,0.0,0.0,0.0,2,0.0,3.3,1,1
jSRvUgb1K1znfVRMFtcTN5tJmRAXKFeky8K+p7st5yw=,0,10,8.0,30.0,99.0,99.0,1.0,20170324.0,20170424.0,0.0,0.0,0.0,0.0,0.0,0.0,0.0,0.0,0.0,0.0,1.0,0.0,0.0,1,20140706.0,3.3,1,1
fM4VHt9DudEfnxEuFvRJq2jYDd7pmi7Ujyq49A7IeeQ=,0,9,19.0,30.0,149.0,149.0,0.0,20170323.0,20170422.0,0.0,7.0,20170331.0,3.0,0.0,0.0,0.0,6.0,6.0,1685.557,9.0,22.0,2.0,5,20130413.0,4.96666666667,0,0
j3ORospF+ydXSMhQwKMRvZqtwSY1GDOvxrrZqdo1msU=,0,29,8.0,30.0,149.0,149.0,1.0,20170303.0,20170424.0,0.0,28.0,20170331.0,0.0,4.0,1.0,0.0,91.0,32.0,21561.07,1.0,0.0,0.0,1,20101102.0,4.96666666667,1,1
EBlp2saAkLA5+vcDM8oapt1LvuVC0++DvLZvazypupA=,0,27,13.0,30.0,149.0,149.0,1.0,20170319.0,20170420.0,0.0,9.0,20170316.0,0.0,0.0,0.0,1.0,93.0,94.0,23804.334,13.0,29.0,1.0,4,20090312.0,4.96666666667,1,1
rGKFz46POBD+ItxCaSM12HhVE42iapNba56NcPzyuLc=,0,8,16.0,30.0,180.0,180.0,1.0,20170310.0,20170409.0,0.0,4.0,20170326.0,10.0,0.0,2.0,1.0,21.0,15.0,4753.362,16.0,40.0,2.0,6,20160805.0,6.0,1,1
X5hhBvyecns8//IbD/I5y04bec1edy6rHUh2vVQHIpQ=,0,2,31.0,0.0,0.0,0.0,0.0,0.0,0.0,0.0,25.0,20170329.0,0.0,0.0,0.0,0.0,3.0,3.0,812.955,1.0,0.0,0.0,6,20160228.0,10.0,0,0
Rj/Frh1YztFTr1TvHHcG5BVBJYLIvhoiRJRTdE0ZEuA=,0,29,8.0,30.0,99.0,99.0,1.0,20170316.0,20170417.0,0.0,31.0,20170331.0,1.0,0.0,0.0,0.0,13.0,14.0,3194.714,1.0,0.0,0.0,1,20120112.0,3.3,1,1
Cm8uc677tg6C8IOF79cPl5qZqXh0rWZljPFWUgVwDyc=,0,11,13.0,30.0,149.0,149.0,1.0,20170326.0,20170425.0,0.0,14.0,20170330.0,15.0,3.0,1.0,0.0,11.0,28.0,3410.457,9.0,28.0,1.0,5,20150110.0,4.96666666667,1,1
3FFUlp6T2Gavz28aji3axcyPSXUIgD73ovjL2WSMUYc=,0,27,8.0,30.0,129.0,129.0,1.0,20170322.0,20170423.0,0.0,7.0,20170326.0,2.0,1.0,1.0,1.0,2.0,5.0,934.584,1.0,0.0,0.0,1,20101123.0,4.3,1,1
ZN0L5+DwdJWuYoYpfrB6ukSWDbbg+YgOgzVzqXs3m60=,0,21,11.0,30.0,149.0,149.0,1.0,20170331.0,20170510.0,0.0,14.0,20170331.0,0.0,0.0,0.0,0.0,4.0,4.0,1009.3,9.0,32.0,2.0,4,20070806.0,4.96666666667,1,1
Xgx6ORJzFWS7BZSGDr9WHt9+AZu5Cx4yc6v8Vpi9vTk=,0,6,16.0,30.0,180.0,180.0,1.0,20170319.0,20170418.0,0.0,31.0,20170331.0,0.0,0.0,0.0,0.0,21.0,20.0,4598.346,21.0,16.0,1.0,6,20161013.0,6.0,1,1
4BIZh9yPy7Ao0meBi0ZaEaoL4mql6vPkLv3MITb3KjA=,0,27,4.0,30.0,149.0,149.0,1.0,20170313.0,20170413.0,0.0,19.0,20170331.0,0.0,0.0,0.0,0.0,5.0,3.0,1473.418,9.0,36.0,2.0,4,20070222.0,4.96666666667,1,1
brkWaFKyfGCbgGMjts0ei7xALdSvSIxuK4yyrpC4+Dw=,0,22,13.0,30.0,149.0,149.0,1.0,20170328.0,20170428.0,0.0,26.0,20170331.0,1.0,0.0,0.0,0.0,6.0,5.0,1449.946,13.0,31.0,2.0,4,20150628.0,4.96666666667,1,1
pLlAkGidRNq8Q/P+GHKkjZZ6I+HToXbKGubXn0LkaWU=,0,12,8.0,30.0,99.0,99.0,1.0,20170301.0,20170401.0,0.0,0.0,0.0,0.0,0.0,0.0,0.0,0.0,0.0,0.0,0.0,0.0,0.0,2,0.0,3.3,1,1
emSSTeSOfYT97MahyzuZ/7FTj4eQUtJ+WzMUwoLzm0w=,0,24,5.0,30.0,149.0,149.0,1.0,20170331.0,20170430.0,0.0,31.0,20170331.0,11.0,0.0,1.0,1.0,11.0,23.0,3287.23,17.0,121.0,2.0,4,20141119.0,4.96666666667,1,1
6kjRC9YGzqNda6nibUlED2HnCVXTpYm4ZKW390E8H0E=,0,5,19.0,30.0,149.0,149.0,0.0,20170327.0,20170426.0,0.0,10.0,20170330.0,0.0,0.0,1.0,0.0,18.0,16.0,4113.435,7.0,29.0,1.0,4,20100802.0,4.96666666667,0,0
w68Toj7g0IUY86ZAkM1lwFs4O4pxd/zLV//FWgBg+co=,0,7,8.0,30.0,99.0,99.0,1.0,20170322.0,20170422.0,0.0,7.0,20170322.0,1.0,0.0,0.0,0.0,24.0,24.0,5567.446,1.0,0.0,0.0,1,20160923.0,3.3,1,1
I/laB9/MoEp2QOdFpLBU8f1eJCZXds2QXXyMHoLIPjc=,0,24,13.0,30.0,149.0,149.0,1.0,20170315.0,20170417.0,0.0,0.0,0.0,0.0,0.0,0.0,0.0,0.0,0.0,0.0,18.0,44.0,1.0,4,20150415.0,4.96666666667,1,1
aH1n89H+jrx+AiBFOwfu5LaXfAiNTpTwVZJD+8G+Auk=,0,21,12.0,30.0,149.0,149.0,1.0,20170312.0,20170414.0,1.0,27.0,20170331.0,6.0,1.0,0.0,0.0,0.0,7.0,169.871,12.0,34.0,2.0,4,20130125.0,4.96666666667,0,0
Lm4ous22vey5hkS7G132RxbMia/E+cD0W983qH5p810=,0,27,4.0,30.0,149.0,149.0,1.0,20170316.0,20170415.0,0.0,25.0,20170331.0,2.0,1.0,0.0,0.0,7.0,9.0,1957.473,16.0,27.0,2.0,4,20070219.0,4.96666666667,1,1
p1m1EhL4G7WLhBRaO5U9kcwdxZHOO9/t/JoKw/Te2Oc=,0,27,8.0,30.0,149.0,149.0,1.0,20170331.0,20170430.0,0.0,26.0,20170328.0,0.0,0.0,0.0,1.0,22.0,3.0,6078.383,1.0,0.0,0.0,1,20130723.0,4.96666666667,1,1
6qzaWEQerHC97cJXhqna4qC/xaf0PtPFMe4wrVuVJ2E=,0,2,20.0,30.0,150.0,150.0,0.0,20170315.0,20170414.0,0.0,2.0,20170315.0,7.0,0.0,0.0,1.0,3.0,6.0,1024.424,9.0,18.0,2.0,4,20121107.0,5.0,0,0
zNN1er5xVDebrma2YUJurwayE2ZavPHJ5EUXImFno0o=,0,27,13.0,30.0,149.0,149.0,1.0,20170322.0,20170421.0,0.0,11.0,20170328.0,0.0,0.0,0.0,0.0,11.0,9.0,2357.0,16.0,46.0,1.0,4,20110606.0,4.96666666667,1,1
Upt1CwDqfx2CDaueMv7U5SgfSF3leLXiMnCDn+O9HYw=,0,20,8.0,30.0,99.0,99.0,1.0,20170317.0,20170417.0,0.0,0.0,0.0,0.0,0.0,0.0,0.0,0.0,0.0,0.0,0.0,0.0,0.0,2,0.0,3.3,1,1
zsGvE3FCVN4tvLHy+3PKSu+i8BK8ZXEy4L207LHxm5c=,0,9,8.0,30.0,99.0,99.0,1.0,20170331.0,20170430.0,0.0,11.0,20170331.0,0.0,1.0,2.0,57.0,45.0,100.0,26464.187,1.0,0.0,0.0,1,20160331.0,3.3,1,1
M1ldfjhgdJzyvIdcqCzjOUSnIqfkd/lBDOE92mJ6oLs=,1,10,19.0,30.0,149.0,149.0,0.0,20170324.0,20170523.0,0.0,28.0,20170331.0,5.0,1.0,1.0,2.0,95.0,94.0,23731.03,1.0,0.0,0.0,4,20160714.0,4.96666666667,0,0
rfZypECWstRaqW54pAzr5JR6Z/iYVtcwGb2kZGRaCc8=,0,21,12.0,30.0,149.0,149.0,1.0,20170331.0,20170516.0,0.0,0.0,0.0,0.0,0.0,0.0,0.0,0.0,0.0,0.0,10.0,46.0,1.0,4,20050207.0,4.96666666667,1,1
ZxVwrvt9kgEUKNoZyp4Nh7Fr4o1frA0tTFNAtP337Q4=,0,19,8.0,30.0,99.0,99.0,1.0,20170313.0,20170413.0,0.0,14.0,20170330.0,1.0,0.0,0.0,0.0,31.0,31.0,7614.954,1.0,0.0,0.0,1,20150814.0,3.3,1,1
til1sWxyswKW9pnaxyUlhBd2Wa3F4bsgMG5Li36RAzc=,0,5,28.0,180.0,536.0,536.0,0.0,20170304.0,20170903.0,0.0,13.0,20170331.0,8.0,1.0,0.0,0.0,10.0,14.0,2886.008,17.0,39.0,2.0,4,20100213.0,2.97777777778,0,0
O7HiuQWWkHx7NkKJLrhmgAfg37dRaRBsSOxBjrXMLZY=,1,4,31.0,0.0,0.0,0.0,0.0,0.0,0.0,0.0,9.0,20170309.0,2.0,0.0,0.0,0.0,41.0,43.0,8648.24,17.0,34.0,1.0,4,20091229.0,10.0,0,0
1/k/RVWneAaXy6r0uswHebudzb5ZI95sLaFqBNK+f2M=,0,12,17.0,30.0,180.0,180.0,1.0,20170325.0,20170425.0,0.0,27.0,20170331.0,0.0,0.0,0.0,0.0,1.0,1.0,237.0,12.0,20.0,2.0,1,20160518.0,6.0,1,1
HNYZme5vW56e8EMAEVc6y975D7DQYlQfVmykSI3+vVc=,0,39,8.0,30.0,129.0,129.0,1.0,20170306.0,20170502.0,0.0,19.0,20170330.0,0.0,0.0,0.0,1.0,8.0,9.0,2472.589,13.0,35.0,1.0,1,20111122.0,4.3,1,1
xJlT6ocw5nTxHnKIuAC2ozYuUMPlGMmX3A/UxCbEQck=,0,26,4.0,30.0,149.0,149.0,1.0,20170306.0,20170405.0,0.0,11.0,20170331.0,11.0,2.0,2.0,0.0,18.0,24.0,4723.687,17.0,44.0,1.0,5,20120817.0,4.96666666667,1,1
1rziimEEf3iJkyTXCFcCuJaHta4i8jkM7y2q3eFMep0=,0,23,12.0,30.0,149.0,149.0,1.0,20170331.0,20170516.0,0.0,26.0,20170331.0,3.0,2.0,0.0,0.0,29.0,33.0,6914.86,9.0,28.0,1.0,5,20140912.0,4.96666666667,1,1
NnsQrPOrBqxE6xo9BsGo/dAG3/ZCBayD6LBH0cupZtU=,0,23,1.0,30.0,149.0,149.0,1.0,20170331.0,20170430.0,0.0,31.0,20170331.0,0.0,0.0,0.0,0.0,10.0,10.0,2325.522,12.0,30.0,1.0,4,20050205.0,4.96666666667,1,1
qvMO1ERqxA+9Pjh3W91F4jEg0C5O6+UmPt0cH+YCjNU=,1,5,31.0,0.0,0.0,0.0,0.0,0.0,0.0,0.0,2.0,20170316.0,2.0,1.0,0.0,1.0,15.0,19.0,3724.442,12.0,25.0,1.0,4,20071209.0,10.0,0,0
eX3C9Gfw3iwAy9hZGFwSH2AZ7U+BlUtg4IWFKFyzqFg=,0,8,8.0,30.0,129.0,129.0,1.0,20170308.0,20170408.0,0.0,4.0,20170326.0,2.0,0.0,0.0,0.0,0.0,2.0,58.149,1.0,0.0,0.0,1,20160809.0,4.3,1,1
GhPmAdHCehHLX1+8gNB8S3Ar2IK71cnmA4iKkWRuUxg=,0,9,16.0,30.0,180.0,180.0,0.0,20170328.0,20170427.0,0.0,31.0,20170331.0,9.0,16.0,12.0,4.0,13.0,30.0,6800.146,17.0,21.0,1.0,4,20140710.0,6.0,0,0
x6xo5vHd1gd4x8rQbmkVU0v71i/e+Rov+pbD5cVIK0E=,0,21,12.0,30.0,149.0,149.0,1.0,20170331.0,20170505.0,0.0,23.0,20170331.0,1.0,1.0,0.0,1.0,14.0,17.0,3550.254,9.0,39.0,2.0,4,20060706.0,4.96666666667,1,1
n95sLhbMu3MzSBzyCSfwjl7OZ3I8T7BFugMQdlZMzA4=,0,6,8.0,30.0,100.0,100.0,1.0,20170321.0,20170421.0,0.0,0.0,0.0,0.0,0.0,0.0,0.0,0.0,0.0,0.0,1.0,0.0,0.0,1,20161216.0,3.33333333333,1,1
xp+YtReoHnKzch214t22uc1Sz3XrpNmt9dNkMu6XpHA=,0,27,8.0,30.0,149.0,149.0,1.0,20170306.0,20170406.0,0.0,29.0,20170331.0,4.0,1.0,0.0,0.0,33.0,33.0,8528.553,1.0,0.0,0.0,1,20131207.0,4.96666666667,1,1
MY2XEbeqrhHJ9Iwd/9BXb4ma/H8UXdLY1TT29b9i2Bo=,0,6,16.0,30.0,180.0,180.0,0.0,20170317.0,20170419.0,0.0,27.0,20170331.0,3.0,4.0,0.0,4.0,6.0,16.0,2762.673,12.0,20.0,1.0,6,20160623.0,6.0,0,0
KIviF8XkygEa4x+IWp81AXG67OJuXnneaVnaUvb+24s=,0,12,8.0,30.0,99.0,99.0,1.0,20170314.0,20170414.0,0.0,0.0,0.0,0.0,0.0,0.0,0.0,0.0,0.0,0.0,1.0,0.0,0.0,1,20160414.0,3.3,1,1
sgDwQCB7gxX/W/FpHzXwqIzvCyWyYafmruUBdBJ/YeM=,0,27,8.0,30.0,149.0,149.0,1.0,20170316.0,20170416.0,0.0,28.0,20170331.0,4.0,0.0,0.0,0.0,7.0,7.0,1637.656,1.0,0.0,0.0,1,20140315.0,4.96666666667,1,1
vIPfX19cocG24TIZifTzcnZZ9MywHhtPoywHoEAAxPA=,0,29,8.0,30.0,149.0,149.0,1.0,20170318.0,20170418.0,0.0,13.0,20170326.0,28.0,6.0,3.0,1.0,46.0,77.0,13340.029,1.0,0.0,0.0,1,20130418.0,4.96666666667,1,1
52+ZuBq1apWMY7qxrv3L4Y2xSsYATj6iiUz3sE/sCw8=,0,5,8.0,30.0,100.0,100.0,1.0,20170322.0,20170422.0,0.0,17.0,20170330.0,0.0,0.0,0.0,0.0,12.0,8.0,2650.169,1.0,0.0,0.0,1,20150902.0,3.33333333333,1,1
IztLqRZgqfQZeb8wSze7hKR7cUlly6bdSff0aSbNW1w=,0,10,8.0,30.0,99.0,99.0,1.0,20170331.0,20170430.0,0.0,18.0,20170331.0,0.0,0.0,0.0,0.0,3.0,3.0,620.016,1.0,0.0,0.0,1,20131021.0,3.3,1,1
4FLWz+SovYwph/m1RVKuSnrMtINyqys71lmo1fZGqWI=,0,16,8.0,30.0,99.0,99.0,1.0,20170311.0,20170311.0,1.0,0.0,0.0,0.0,0.0,0.0,0.0,0.0,0.0,0.0,1.0,0.0,0.0,1,20160215.0,3.3,0,0
EYUSKcBYby6yPPTlVXAAnI38HAx2cGfK69SvGZBHvNM=,1,9,31.0,0.0,0.0,0.0,0.0,0.0,0.0,0.0,2.0,20170308.0,0.0,0.0,0.0,0.0,2.0,2.0,438.203,16.0,27.0,1.0,6,20160526.0,10.0,0,0
oT98onR1J/eHVSTNbg5YFjHt+pzKuX3mG0hiLFOgKuA=,0,18,8.0,30.0,99.0,99.0,1.0,20170331.0,20170430.0,0.0,0.0,0.0,0.0,0.0,0.0,0.0,0.0,0.0,0.0,0.0,0.0,0.0,2,0.0,3.3,1,1
MKRmJz8duOCWNM8eWyFARuCSPAN7n+RiH87bpiu1/GA=,0,2,8.0,30.0,149.0,149.0,1.0,20170324.0,20170424.0,0.0,5.0,20170319.0,4.0,0.0,0.0,0.0,35.0,25.0,8193.346,1.0,0.0,0.0,1,20170225.0,4.96666666667,1,1
UaoWxydzlAUn9uVOVvVu+u4gHbHb7MsNxrgihG53K3s=,0,20,8.0,30.0,99.0,99.0,1.0,20170321.0,20170421.0,0.0,14.0,20170324.0,0.0,0.0,0.0,0.0,9.0,9.0,2059.068,1.0,0.0,0.0,1,20150822.0,3.3,1,1
+/z/GKiqr/+/hls+3tgApsx7iJoNs8dj8rbEFVMxPv8=,1,2,28.0,410.0,1788.0,1788.0,0.0,20170328.0,20180515.0,0.0,30.0,20170331.0,7.0,1.0,2.0,3.0,11.0,23.0,4090.462,9.0,0.0,0.0,5,20130930.0,4.36097560976,0,0
JBOUB5Ue/BsmLJYEVvYzhoX/eBLx0jE/Gin0uOnH8rw=,0,23,1.0,30.0,149.0,149.0,1.0,20170331.0,20170430.0,0.0,0.0,0.0,0.0,0.0,0.0,0.0,0.0,0.0,0.0,13.0,32.0,2.0,4,20101211.0,4.96666666667,1,1
/WPMPtJ5XZ1u9r0RLbee9iy+t2NkuRIK0XtCdHXTsJU=,0,25,8.0,30.0,149.0,149.0,1.0,20170315.0,20170315.0,1.0,0.0,0.0,0.0,0.0,0.0,0.0,0.0,0.0,0.0,1.0,0.0,0.0,1,20150131.0,4.96666666667,0,0
kuBG5VuGVhuue9y7lYQMBJ6cQ94VWvlOInoKKU8myGg=,0,20,8.0,30.0,149.0,149.0,1.0,20170315.0,20170415.0,0.0,20.0,20170330.0,2.0,1.0,1.0,1.0,11.0,13.0,3001.209,9.0,37.0,1.0,1,20150827.0,4.96666666667,1,1
6+Znr5aRyDnqygNd4LoOpoMn78tLq/reemn8/j3f2PA=,0,17,8.0,30.0,99.0,99.0,1.0,20170326.0,20170426.0,0.0,0.0,0.0,0.0,0.0,0.0,0.0,0.0,0.0,0.0,0.0,0.0,0.0,2,0.0,3.3,1,1
OFFmAIFJxSVUeCBeE7QNwmieS+yDgKp0N04rZTsy3NA=,1,6,17.0,30.0,180.0,180.0,1.0,20170331.0,20170331.0,1.0,0.0,0.0,0.0,0.0,0.0,0.0,0.0,0.0,0.0,9.0,19.0,2.0,6,20160529.0,6.0,0,0
nX8pM478+HJ7lZi8sw1dP2ocdEWWSKtWPPHqtMGrZjo=,0,15,8.0,30.0,99.0,99.0,1.0,20170331.0,20170430.0,0.0,1.0,20170312.0,11.0,2.0,1.0,2.0,57.0,70.0,15510.535,1.0,0.0,0.0,1,20151201.0,3.3,1,1
jrCzllc5r6huYOR6jmf8BY/tTUAhaCgXaY/rZDInPY4=,0,22,8.0,30.0,129.0,129.0,1.0,20170321.0,20170421.0,0.0,30.0,20170331.0,9.0,4.0,5.0,3.0,35.0,56.0,12036.488,1.0,0.0,0.0,1,20150818.0,4.3,1,1
YQ+doiVx2UhwdRWrCsfqqDZhN644f8OdYlpUpoB3QOU=,1,17,31.0,0.0,0.0,0.0,0.0,0.0,0.0,0.0,0.0,0.0,0.0,0.0,0.0,0.0,0.0,0.0,0.0,17.0,23.0,1.0,4,20140705.0,10.0,0,0
Pk8yjy8QemcFoW2Dr2HdjNtihDSHvOmxUiMhGzo3HD4=,0,17,8.0,30.0,99.0,99.0,1.0,20170301.0,20170401.0,0.0,1.0,20170328.0,28.0,0.0,0.0,3.0,6.0,11.0,2689.785,1.0,0.0,0.0,1,20151101.0,3.3,1,1
3O38n4vnHjvjBuWj4fS3GpPometayOktl412k6JbzvI=,0,15,8.0,30.0,99.0,99.0,1.0,20170314.0,20170414.0,0.0,0.0,0.0,0.0,0.0,0.0,0.0,0.0,0.0,0.0,0.0,0.0,0.0,2,0.0,3.3,1,1
Sz29vratqzAh6qdfSdCVt1UFqsXl05GnhojacjdlD8I=,0,27,4.0,30.0,149.0,149.0,1.0,20170304.0,20170406.0,0.0,27.0,20170331.0,4.0,3.0,1.0,1.0,78.0,83.0,20507.534,17.0,27.0,1.0,4,20080515.0,4.96666666667,1,1
SE+H2kfE5qhJMcyU78Rkf8y5z0EfxqzrHW5/feGLZRE=,0,7,8.0,30.0,99.0,99.0,1.0,20170318.0,20170418.0,0.0,21.0,20170331.0,0.0,0.0,0.0,0.0,4.0,3.0,984.0,1.0,0.0,0.0,1,20141116.0,3.3,1,1
Ej2gjurBEV9GXJ8GgmTubOl5p7rbOoY/gW7ur+2cUAk=,0,21,12.0,30.0,149.0,149.0,1.0,20170331.0,20170513.0,0.0,0.0,0.0,0.0,0.0,0.0,0.0,0.0,0.0,0.0,2.0,30.0,2.0,4,20120412.0,4.96666666667,1,1
9dYSQ8FxoyiGJu1x09y4w3ARxLPPHwETQ/+7rw8q6aw=,0,4,8.0,30.0,99.0,99.0,1.0,20170302.0,20170402.0,0.0,0.0,0.0,0.0,0.0,0.0,0.0,0.0,0.0,0.0,0.0,0.0,0.0,2,0.0,3.3,1,1
x6jDiJ60CZETF3qCpJ/nCxISvha5PhKCtIdEpG70gBg=,0,6,16.0,30.0,180.0,180.0,1.0,20170327.0,20170502.0,0.0,14.0,20170330.0,9.0,6.0,2.0,1.0,0.0,18.0,1736.099,1.0,0.0,0.0,6,20160714.0,6.0,1,1
8nOFhpCHnJyg9teUMTPfejmW33Ex9tCal54FV8Xt/VU=,0,3,8.0,30.0,100.0,100.0,1.0,20170316.0,20170416.0,0.0,13.0,20170330.0,4.0,1.0,0.0,4.0,12.0,18.0,3759.744,1.0,0.0,0.0,1,20170117.0,3.33333333333,1,1
seuw/uUptlIXk6q52cwKWlt4l8EnJ5a1WUzQmZXLOZI=,0,17,8.0,30.0,99.0,99.0,1.0,20170311.0,20170411.0,0.0,0.0,0.0,0.0,0.0,0.0,0.0,0.0,0.0,0.0,0.0,0.0,0.0,2,0.0,3.3,1,1
iTmc1ewlvOTKsP4xc091SM8/qO/OLTqzWjoUJKNVtRg=,0,30,7.0,30.0,149.0,149.0,1.0,20170331.0,20170524.0,0.0,24.0,20170330.0,3.0,0.0,0.0,0.0,33.0,33.0,8748.3,9.0,23.0,1.0,4,20130521.0,4.96666666667,1,1
dFjtWvyGXLOC5jSs8dFng//ICcQxS6BVoy9wlWi6C3A=,0,27,13.0,30.0,149.0,149.0,1.0,20170327.0,20170426.0,0.0,8.0,20170327.0,0.0,0.0,0.0,0.0,9.0,9.0,2364.278,11.0,36.0,2.0,5,20121216.0,4.96666666667,1,1
lslhu5IZzK57/+NGZ7XvWaZFYOYpZUxvt4VAqrcHLaE=,0,21,12.0,30.0,149.0,149.0,1.0,20170331.0,20170509.0,0.0,31.0,20170331.0,0.0,1.0,1.0,1.0,22.0,5.0,5767.228,2.0,31.0,1.0,4,20060917.0,4.96666666667,1,1
HWxKkmZ1wRaVyhN7ke+j1nz/+bGf6THJQI2nWbKxVu8=,0,14,8.0,30.0,99.0,99.0,1.0,20170317.0,20170417.0,0.0,0.0,0.0,0.0,0.0,0.0,0.0,0.0,0.0,0.0,0.0,0.0,0.0,2,0.0,3.3,1,1
CMnp5LBKNlcZGaeXnVEgiuiu5GHtCfi5ZsUkr2UpQbU=,0,9,8.0,30.0,99.0,99.0,1.0,20170331.0,20170430.0,0.0,0.0,0.0,0.0,0.0,0.0,0.0,0.0,0.0,0.0,0.0,0.0,0.0,2,0.0,3.3,1,1
FBQYe6JviPH6/tfhLQdnHXuB+IcKmTI9dv6wJgGi7CQ=,0,23,12.0,30.0,149.0,149.0,1.0,20170331.0,20170507.0,0.0,25.0,20170331.0,14.0,1.0,0.0,0.0,8.0,17.0,1873.88,12.0,20.0,1.0,5,20130425.0,4.96666666667,1,1
4qPmOoUNWk3+YCRME9cvZuSNDaG7e47EByzcWQzWmKU=,0,27,4.0,30.0,149.0,149.0,1.0,20170320.0,20170419.0,0.0,11.0,20170330.0,0.0,2.0,0.0,0.0,5.0,6.0,1469.33,9.0,36.0,1.0,4,20141220.0,4.96666666667,1,1
JjCJ1D9W40tQQGvXwDogcZ2Pkc1tOxkxsBPbytnWuR8=,0,6,17.0,30.0,180.0,180.0,0.0,20170326.0,20170425.0,0.0,26.0,20170331.0,2.0,2.0,1.0,0.0,30.0,34.0,7542.124,10.0,0.0,2.0,5,20121128.0,6.0,0,0
9s6zUOn3fTbn1m+EjBMNUHZ8rUnEnF1bH0uv8SkNOaQ=,0,14,8.0,30.0,99.0,99.0,1.0,20170320.0,20170320.0,1.0,12.0,20170319.0,7.0,1.0,0.0,1.0,50.0,58.0,12673.268,1.0,0.0,0.0,1,20160319.0,3.3,0,0
FCuwylbI8+FTG+/gA3IGrpEl2WFVmIog213JL2gj4rs=,0,10,8.0,30.0,99.0,99.0,1.0,20170331.0,20170430.0,0.0,23.0,20170331.0,22.0,0.0,3.0,4.0,6.0,30.0,3161.857,1.0,0.0,0.0,1,20130802.0,3.3,1,1
NrW5ukPcCCSDjIX1nJWyp+P/jIB6bA882w7E1kNRIi0=,0,20,8.0,30.0,99.0,99.0,1.0,20170307.0,20170407.0,0.0,31.0,20170331.0,1.0,0.0,0.0,0.0,10.0,9.0,2241.448,1.0,0.0,0.0,1,20150924.0,3.3,1,1
rnt/mQMlRcwmvt5XgTtHLVmHXjsOXoGU9WAKaEUV4VM=,0,13,8.0,30.0,99.0,99.0,1.0,20170303.0,20170403.0,0.0,21.0,20170331.0,2.0,2.0,4.0,1.0,30.0,30.0,7959.569,1.0,0.0,0.0,1,20160303.0,3.3,1,1
gVRA6/BVWwGc/67sF99DTJFvSW375ZrVuP0z8XLAgz0=,0,17,8.0,30.0,99.0,99.0,1.0,20170310.0,20170410.0,0.0,11.0,20170330.0,2.0,0.0,0.0,0.0,47.0,35.0,10863.706,1.0,0.0,0.0,1,20151111.0,3.3,1,1
HYYZXnnwB9dVa9C7W70J8gSGBpQoqdgQgArPGhN792s=,0,28,4.0,30.0,149.0,149.0,1.0,20170315.0,20170414.0,0.0,28.0,20170331.0,3.0,0.0,0.0,0.0,18.0,12.0,5020.808,17.0,52.0,1.0,4,20060807.0,4.96666666667,1,1
JBIBS2s3vOdylpzlhNsXk/bhRPO0CSyIcBdPwScgiuA=,0,15,8.0,30.0,99.0,99.0,1.0,20170331.0,20170430.0,0.0,24.0,20170331.0,2.0,0.0,0.0,0.0,41.0,32.0,7632.219,1.0,0.0,0.0,1,20151130.0,3.3,1,1
24qHqMA7/bh6kd0XepD0eoLAKZdtb+Uo7fQ5ecXbOQo=,1,14,31.0,0.0,0.0,0.0,0.0,0.0,0.0,0.0,0.0,0.0,0.0,0.0,0.0,0.0,0.0,0.0,0.0,1.0,0.0,0.0,5,20140212.0,10.0,0,0
SsAeLhdYy+CM9033PTqtRGiM50PvP3EdzXihnlhW5xI=,0,2,8.0,30.0,100.0,100.0,1.0,20170314.0,20170414.0,0.0,0.0,0.0,0.0,0.0,0.0,0.0,0.0,0.0,0.0,1.0,0.0,0.0,1,20170215.0,3.33333333333,1,1
Res0ouNJYCV/uRIARABw83boCQBA1zRcxsWQjAxJsFk=,0,19,8.0,30.0,99.0,99.0,1.0,20170319.0,20170419.0,0.0,30.0,20170331.0,7.0,1.0,1.0,1.0,26.0,28.0,6505.265,1.0,0.0,0.0,1,20150830.0,3.3,1,1
+w5cJQooarfRnpbX9tchRwidwnSdOS3qnVUuPEYd0is=,0,27,13.0,30.0,149.0,149.0,1.0,20170313.0,20170413.0,0.0,12.0,20170331.0,0.0,0.0,1.0,0.0,2.0,3.0,626.442,13.0,26.0,2.0,5,20140225.0,4.96666666667,1,1
pcw2kBheVYQpg6r/E114e9E1MqcovbmVMD8O1FMD/u8=,1,13,31.0,0.0,0.0,0.0,0.0,0.0,0.0,0.0,0.0,0.0,0.0,0.0,0.0,0.0,0.0,0.0,0.0,0.0,0.0,0.0,2,0.0,10.0,0,0
V61YPyK04fqZ51ZL7KYoUkKzzzz/mM5Qhb2oQ9N95J4=,0,16,8.0,30.0,99.0,99.0,1.0,20170316.0,20170316.0,1.0,3.0,20170318.0,1.0,0.0,0.0,0.0,6.0,7.0,1442.987,1.0,0.0,0.0,1,20160202.0,3.3,0,0
IiDuTR/9MnX1q9GfXVlpaX8Mp4cyD1RGRyTBhWuE1dE=,0,9,8.0,30.0,99.0,99.0,1.0,20170312.0,20170412.0,0.0,0.0,0.0,0.0,0.0,0.0,0.0,0.0,0.0,0.0,0.0,0.0,0.0,2,0.0,3.3,1,1
8/b3wrUXY2GHTkx/C17p/ygVDC0nZPVDRWlIFJljSX0=,0,16,8.0,30.0,99.0,99.0,1.0,20170303.0,20170403.0,0.0,0.0,0.0,0.0,0.0,0.0,0.0,0.0,0.0,0.0,0.0,0.0,0.0,2,0.0,3.3,1,1
pmvPzRcxkG5JS4VtS4ZOBiIdkm6tFphaHGBuqSZQKQY=,0,19,8.0,30.0,99.0,99.0,1.0,20170304.0,20170404.0,0.0,0.0,0.0,0.0,0.0,0.0,0.0,0.0,0.0,0.0,1.0,0.0,0.0,1,20150905.0,3.3,1,1
001H7U9YJrazPxaeUZiSJsKjinoENJOx8W+HP/eWtx4=,0,17,4.0,30.0,149.0,149.0,1.0,20170308.0,20170407.0,0.0,31.0,20170331.0,10.0,3.0,0.0,0.0,50.0,46.0,12476.983,17.0,24.0,2.0,4,20070309.0,4.96666666667,1,1
ME36gc/caqzmOd/PiOh6RbhrN++7trdwnbe+ckMo9kg=,0,9,8.0,30.0,99.0,99.0,1.0,20170312.0,20170412.0,0.0,17.0,20170331.0,7.0,1.0,3.0,1.0,11.0,18.0,3701.602,1.0,0.0,0.0,1,20160712.0,3.3,1,1
x8O3tcSaMIre5HLsoiTw0lrEFRG9DzxVeu+cuNx2QuU=,0,21,12.0,30.0,149.0,149.0,1.0,20170331.0,20170529.0,0.0,25.0,20170331.0,1.0,1.0,0.0,0.0,19.0,20.0,4990.35,16.0,43.0,1.0,4,20120522.0,4.96666666667,1,1
dxA9zQQ5WD9U4JG5nkWh4S7P5NWJcC9LUPdl913zGWo=,0,7,8.0,30.0,99.0,99.0,1.0,20170311.0,20170411.0,0.0,8.0,20170325.0,0.0,0.0,0.0,1.0,13.0,14.0,3756.1,1.0,0.0,0.0,1,20160911.0,3.3,1,1
KgtkhvsQexGh+Z1HjdyGc5DbC1QolCMyWFWc3QeOSus=,0,27,8.0,30.0,149.0,149.0,1.0,20170301.0,20170402.0,0.0,29.0,20170331.0,10.0,1.0,0.0,1.0,43.0,40.0,10823.36,1.0,0.0,0.0,1,20110502.0,4.96666666667,1,1
G7+SRsbWYQXnOGP1ixIDShMEVolXwzLgmdj4tqbbCG0=,0,16,13.0,30.0,149.0,149.0,1.0,20170311.0,20170410.0,0.0,26.0,20170331.0,0.0,0.0,0.0,1.0,1.0,2.0,490.707,3.0,0.0,0.0,4,20150904.0,4.96666666667,1,1
gjCJwnP/KDStFZcaK0Df938XthLfCetXxpgMoqy5mxg=,0,23,1.0,30.0,149.0,149.0,1.0,20170331.0,20170430.0,0.0,11.0,20170324.0,0.0,0.0,0.0,0.0,3.0,1.0,861.984,12.0,35.0,2.0,4,20041020.0,4.96666666667,1,1
U7kzR/S0RRKKiJAjzyw8scNuGhbtYsy3Rccd/q9lfug=,0,40,8.0,30.0,149.0,149.0,1.0,20170302.0,20170402.0,0.0,31.0,20170331.0,0.0,0.0,0.0,1.0,2.0,2.0,808.994,1.0,0.0,0.0,1,20120515.0,4.96666666667,1,1
KXRKISm8+RrM4x5R4wCawIVVafFY9tBzbeItqfpzi8Y=,0,21,12.0,30.0,149.0,149.0,1.0,20170331.0,20170528.0,0.0,16.0,20170330.0,6.0,4.0,4.0,1.0,17.0,26.0,5364.075,12.0,25.0,2.0,4,20120703.0,4.96666666667,1,1
lQd5UT9/z+85oM8XphE0Rpq8xVCx6TgqST2trkoYeco=,0,20,16.0,30.0,180.0,180.0,0.0,20170308.0,20170407.0,0.0,18.0,20170331.0,2.0,1.0,0.0,1.0,0.0,4.0,435.304,1.0,0.0,0.0,5,20130209.0,6.0,0,0
8spc5t48WAfMjbmBK0abZg/+7/UmF+MaGMVsatfP9TU=,0,16,8.0,30.0,99.0,99.0,1.0,20170320.0,20170420.0,0.0,12.0,20170327.0,2.0,0.0,1.0,0.0,1.0,4.0,452.075,1.0,0.0,0.0,1,20151220.0,3.3,1,1
Hcpb8bo9IO+wJoPlbRuDr0BIXyuoNJwNE3GhP3DAWCs=,0,40,8.0,30.0,149.0,149.0,1.0,20170326.0,20170426.0,0.0,22.0,20170331.0,3.0,1.0,0.0,0.0,75.0,49.0,19711.153,1.0,0.0,0.0,1,20130723.0,4.96666666667,1,1
31St9SaS94FsUiA4r9wq3N0aspkg5I3GSXjwalo31Bk=,0,4,8.0,30.0,99.0,99.0,1.0,20170303.0,20170403.0,0.0,25.0,20170331.0,3.0,2.0,2.0,1.0,39.0,38.0,11726.352,1.0,0.0,0.0,1,20161204.0,3.3,1,1
fqiREtzeDs7xesXrDCbuDelUuIZn8ZHdXAaSB25LwP4=,0,16,8.0,30.0,99.0,99.0,1.0,20170306.0,20170406.0,0.0,31.0,20170331.0,0.0,0.0,0.0,0.0,6.0,1.0,1663.89,1.0,0.0,0.0,1,20131003.0,3.3,1,1
yletqm98OZKoo2Y36QVOyQFD3phyIJoGa9yl3P+TwFM=,0,29,15.0,30.0,149.0,149.0,1.0,20170306.0,20170406.0,0.0,16.0,20170330.0,4.0,0.0,0.0,1.0,4.0,8.0,1286.76,1.0,0.0,0.0,4,20141010.0,4.96666666667,1,1
++r+jGFxZ+e5zGDKlSFhkasqNRAV6TjCwRjt2CTrQxU=,0,15,8.0,30.0,99.0,99.0,1.0,20170322.0,20170422.0,0.0,0.0,0.0,0.0,0.0,0.0,0.0,0.0,0.0,0.0,1.0,0.0,0.0,1,20160123.0,3.3,1,1
ed5qEZqq91ImH33DflaF8AnA/HsdYBik6CSBp57688Y=,0,14,8.0,30.0,99.0,99.0,1.0,20170312.0,20170412.0,0.0,13.0,20170329.0,0.0,3.0,0.0,1.0,57.0,57.0,13177.145,1.0,0.0,0.0,1,20160212.0,3.3,1,1
1pxEGH6l5RWvIRYHdXH8an7L6mUzHy/rwWBS9c14U4M=,0,21,12.0,30.0,149.0,149.0,1.0,20170331.0,20170505.0,0.0,9.0,20170331.0,0.0,0.0,0.0,0.0,2.0,2.0,459.781,17.0,29.0,1.0,4,20091011.0,4.96666666667,1,1
xnlzgJVVmsy+Q4o1h2LrsTwdlNoMIPbtIipRwCgdpkQ=,0,17,8.0,30.0,99.0,99.0,1.0,20170307.0,20170407.0,0.0,0.0,0.0,0.0,0.0,0.0,0.0,0.0,0.0,0.0,1.0,0.0,0.0,1,20151107.0,3.3,1,1
PAQfMoEHg8AU3L6RpVw5t33K25+3nhUfYk78HfInehU=,1,14,8.0,30.0,99.0,99.0,1.0,20170323.0,20170324.0,1.0,24.0,20170324.0,2.0,0.0,0.0,0.0,37.0,38.0,8320.948,1.0,0.0,0.0,1,20130923.0,3.3,0,0
qR1XRKoNVAPgZyzXUr/j9eCQFI3ArRSIlDEQLUU+zbI=,0,20,19.0,30.0,149.0,149.0,0.0,20170319.0,20170418.0,0.0,27.0,20170331.0,16.0,6.0,10.0,4.0,62.0,81.0,18344.557,18.0,25.0,1.0,4,20081230.0,4.96666666667,0,0
2Xta2aRH+P/IGVR5xx5nyDovaeP20tNpb5c167Zu12c=,0,7,8.0,30.0,99.0,99.0,1.0,20170326.0,20170426.0,0.0,9.0,20170331.0,25.0,7.0,4.0,3.0,19.0,45.0,6954.381,1.0,0.0,0.0,1,20121214.0,3.3,1,1
vSLzo4e+ce+HRBHYYyVGfWMHfYXhSnUp/eKpjY6Pgu8=,0,20,8.0,30.0,99.0,99.0,1.0,20170324.0,20170424.0,0.0,6.0,20170331.0,5.0,2.0,0.0,2.0,38.0,42.0,10212.52,1.0,0.0,0.0,1,20150825.0,3.3,1,1
gCYYk4znsbxVPaM//BKGkdUPbca8rzyFpFNhI1fctCA=,0,21,12.0,30.0,149.0,149.0,1.0,20170331.0,20170530.0,0.0,20.0,20170331.0,0.0,0.0,0.0,1.0,5.0,6.0,1494.372,9.0,34.0,1.0,4,20100928.0,4.96666666667,1,1
dymPFX21dAKFBd/7sJY08BVrxHD3mtQ6xHE1LxGaO8A=,0,23,1.0,30.0,149.0,149.0,1.0,20170331.0,20170430.0,0.0,31.0,20170331.0,1.0,0.0,0.0,0.0,10.0,11.0,2452.425,9.0,28.0,2.0,4,20060324.0,4.96666666667,1,1
edbgrg6GBRULAOd0zzOorDgpihFsbMYDjoij4Nq+UT0=,0,11,8.0,30.0,99.0,99.0,1.0,20170307.0,20170407.0,0.0,25.0,20170329.0,3.0,0.0,0.0,0.0,4.0,7.0,1065.055,1.0,0.0,0.0,1,20131206.0,3.3,1,1
JpBY43qODhCoF+iZdxeU4hFVOUL4PRcF32vNNJGlv6g=,0,21,12.0,30.0,149.0,149.0,1.0,20170331.0,20170523.0,0.0,30.0,20170331.0,64.0,2.0,0.0,1.0,23.0,84.0,6370.243,17.0,25.0,2.0,4,20070719.0,4.96666666667,1,1
UhL9IGgETuWmOm4GeWSUjWcm8PfSLs0sXijXm8Egdl8=,0,28,12.0,30.0,149.0,149.0,1.0,20170331.0,20170518.0,0.0,24.0,20170331.0,0.0,0.0,0.0,0.0,18.0,15.0,3897.971,7.0,28.0,1.0,4,20060427.0,4.96666666667,1,1
WErRampBJSsFPEQFibclcuang1trCeJUi45YbeTS7vk=,0,23,1.0,30.0,149.0,149.0,1.0,20170331.0,20170430.0,0.0,21.0,20170331.0,7.0,1.0,1.0,1.0,16.0,20.0,4887.69,17.0,26.0,2.0,4,20060507.0,4.96666666667,1,1
nh+3+XcNIo0SttoEmkEjTENB07aAlCbGwru/a0UmG7E=,0,19,8.0,30.0,99.0,99.0,1.0,20170331.0,20170430.0,0.0,0.0,0.0,0.0,0.0,0.0,0.0,0.0,0.0,0.0,1.0,0.0,0.0,1,20150729.0,3.3,1,1
L7tBWf3hCOVNvdY9bm17qoL81CUMAn6ydInXNfmy2BY=,1,19,31.0,0.0,0.0,0.0,0.0,0.0,0.0,0.0,0.0,0.0,0.0,0.0,0.0,0.0,0.0,0.0,0.0,14.0,38.0,2.0,4,20080924.0,10.0,0,0
mnmzjuGLaSq/mFahBN6MGDL6y++h0zC6krSptnJMbu4=,0,17,8.0,30.0,99.0,99.0,1.0,20170307.0,20170407.0,0.0,31.0,20170331.0,2.0,2.0,0.0,0.0,16.0,17.0,4075.295,1.0,0.0,0.0,1,20151107.0,3.3,1,1
5/sfrzA6SABg2cK0wsmEnsMSn4S0XduzLwVIu+qYSGo=,0,19,8.0,30.0,149.0,149.0,1.0,20170320.0,20170420.0,0.0,21.0,20170331.0,0.0,0.0,0.0,0.0,2.0,2.0,389.328,1.0,0.0,0.0,1,20101030.0,4.96666666667,1,1
H2BL8euH9W/Zqfo9ORon8eKWeWLXo468zweA2nRrA38=,0,13,8.0,30.0,149.0,149.0,1.0,20170316.0,20170416.0,0.0,0.0,0.0,0.0,0.0,0.0,0.0,0.0,0.0,0.0,0.0,0.0,0.0,2,0.0,4.96666666667,1,1
B5zs9QTCzne91+X/bJStH0VSnrGQYDAx/Dv9kUhYAQk=,0,17,12.0,30.0,149.0,149.0,1.0,20170331.0,20170509.0,0.0,11.0,20170328.0,1.0,0.0,0.0,1.0,47.0,49.0,12601.981,13.0,27.0,2.0,5,20150503.0,4.96666666667,1,1
oG/lpwO9uAkbJuwfbzdpuvkp0/S216FLqHVagNoPac8=,0,7,8.0,30.0,99.0,99.0,1.0,20170306.0,20170406.0,0.0,0.0,0.0,0.0,0.0,0.0,0.0,0.0,0.0,0.0,0.0,0.0,0.0,2,0.0,3.3,1,1
EvuRVVERUW2VjYT+ARqC5bKtbk01HL0WyZXVxmpKx+s=,1,28,31.0,0.0,0.0,0.0,0.0,0.0,0.0,0.0,0.0,0.0,0.0,0.0,0.0,0.0,0.0,0.0,0.0,1.0,0.0,0.0,1,20120127.0,10.0,0,0
gE8U5mj9TgyHXkzBAaaAHKkKka2e9RRVD4yk0Dkmmek=,0,10,15.0,30.0,149.0,149.0,1.0,20170301.0,20170331.0,0.0,3.0,20170319.0,0.0,0.0,0.0,0.0,10.0,10.0,2431.73,1.0,0.0,0.0,4,20151229.0,4.96666666667,1,1
vBRLsqffL+t3dLNzhh7l9LgcEVzzDNrWXWcTGW4/LBo=,0,20,8.0,30.0,99.0,99.0,1.0,20170324.0,20170424.0,0.0,0.0,0.0,0.0,0.0,0.0,0.0,0.0,0.0,0.0,1.0,0.0,0.0,1,20150825.0,3.3,1,1
3zhGiq8U8MtqqjXHuEffZgWj9Sp90sKcSNNYFXH76OY=,0,21,12.0,30.0,149.0,149.0,1.0,20170331.0,20170519.0,0.0,27.0,20170331.0,13.0,2.0,3.0,0.0,30.0,48.0,8098.696,13.0,26.0,2.0,5,20120617.0,4.96666666667,1,1
1gHBYqWVjLQOwRu/Q2gkejhuxiQNrj/BG3qFjlO5Xuk=,0,27,4.0,30.0,149.0,149.0,1.0,20170321.0,20170421.0,0.0,0.0,0.0,0.0,0.0,0.0,0.0,0.0,0.0,0.0,0.0,0.0,0.0,2,0.0,4.96666666667,1,1
9kKF1jr6b+aN0vE1XlxEWQVrAXthNzzpSoV3BYSJJuk=,0,29,13.0,30.0,149.0,149.0,1.0,20170323.0,20170422.0,0.0,21.0,20170329.0,0.0,1.0,0.0,0.0,6.0,7.0,1644.668,20.0,24.0,2.0,1,20120306.0,4.96666666667,1,1
fGDmmEFqh1NC7/eFParISBq8lX9BMMT3cs4ELEZo0fA=,0,40,8.0,30.0,99.0,99.0,1.0,20170315.0,20170415.0,0.0,13.0,20170329.0,4.0,1.0,0.0,0.0,3.0,8.0,982.668,1.0,0.0,0.0,1,20131103.0,3.3,1,1
wQ463OOvvxh49FZUKiPzmLPCvGfLgkqqXEBAcXkalEk=,0,26,4.0,30.0,149.0,149.0,1.0,20170326.0,20170425.0,0.0,21.0,20170331.0,6.0,4.0,4.0,4.0,3.0,20.0,2850.549,14.0,0.0,0.0,4,20150117.0,4.96666666667,1,1
K37wOplzHfOmmD07BkCrH5BsEjn6WIU/vpldzj2OTyM=,0,21,13.0,30.0,149.0,149.0,1.0,20170301.0,20170406.0,0.0,1.0,20170307.0,0.0,0.0,0.0,0.0,8.0,8.0,2068.929,20.0,27.0,1.0,4,20070219.0,4.96666666667,1,1
hzMy7ENqJ0hrKDnSSXAZBU/gEbrpflsXUkkwcJefMng=,0,11,8.0,30.0,99.0,99.0,1.0,20170327.0,20170427.0,0.0,28.0,20170331.0,0.0,0.0,0.0,0.0,2.0,2.0,498.0,1.0,0.0,0.0,1,20160528.0,3.3,1,1
moU3Zq8hCINU1c4qaVsWe2PaMkolf3358LRNMeg+F24=,0,28,13.0,30.0,149.0,149.0,1.0,20170318.0,20170417.0,0.0,1.0,20170322.0,6.0,4.0,3.0,0.0,1.0,9.0,1041.373,12.0,39.0,1.0,4,20080327.0,4.96666666667,1,1
fcPO8hOkTVJN4Ovzee4TUiMx9GYGOoe801xLTXsoTow=,0,20,8.0,30.0,100.0,100.0,1.0,20170301.0,20170331.0,0.0,30.0,20170331.0,0.0,1.0,0.0,0.0,4.0,1.0,1313.968,1.0,0.0,0.0,1,20111103.0,3.33333333333,1,1
Df45TGMtLCdAGyZGoKZskm1KalP/awmtLITLTV0o1vY=,0,23,0.0,30.0,149.0,149.0,1.0,20170331.0,20170430.0,0.0,1.0,20170325.0,4.0,0.0,2.0,0.0,27.0,32.0,7363.767,12.0,42.0,2.0,4,20130204.0,4.96666666667,1,1
S5HaY068w5Z3l3vkyyFGTebOFgyJGsqU7yvPtDry/S4=,0,23,7.0,30.0,149.0,149.0,1.0,20170331.0,20170430.0,0.0,29.0,20170331.0,1.0,0.0,1.0,0.0,1.0,3.0,476.472,9.0,39.0,1.0,4,20081008.0,4.96666666667,1,1
woNXEpkpH8uwICrN7YRFdrx91DqRntNdJsM6yOzt7yE=,0,3,16.0,30.0,180.0,180.0,1.0,20170319.0,20170418.0,0.0,22.0,20170331.0,1.0,0.0,0.0,1.0,1.0,3.0,391.079,1.0,0.0,0.0,6,20160809.0,6.0,1,1
mQNBgaPa5Y/uRiCQkXw6jaBgQdvoql+9/Th40wJlJKk=,0,9,31.0,0.0,0.0,0.0,0.0,0.0,0.0,0.0,4.0,20170305.0,2.0,0.0,0.0,0.0,25.0,22.0,6345.192,9.0,35.0,1.0,5,20130518.0,10.0,0,0
eU6DJZvrAMgdR0sPUKtDnf8XMS0ewF5JFuOO1rNhCNE=,0,27,8.0,30.0,149.0,149.0,1.0,20170309.0,20170409.0,0.0,0.0,0.0,0.0,0.0,0.0,0.0,0.0,0.0,0.0,0.0,0.0,0.0,2,0.0,4.96666666667,1,1
sMIetzDyLri120ne17SgW0ULyGPjpHBch0/vkxobuNg=,0,20,8.0,30.0,99.0,99.0,1.0,20170320.0,20170420.0,0.0,0.0,0.0,0.0,0.0,0.0,0.0,0.0,0.0,0.0,1.0,0.0,0.0,1,20150820.0,3.3,1,1
WgohjjQYnyyX8IIv68jvb+jb2MymJB/N3NVMCPJyy48=,0,19,4.0,30.0,149.0,149.0,1.0,20170301.0,20170331.0,0.0,8.0,20170328.0,1.0,0.0,0.0,0.0,2.0,3.0,477.329,17.0,25.0,2.0,5,20120510.0,4.96666666667,1,1
EL8d7KgXr1YubhD4P/YvIifT1kOJ3cStXaLOGxA3ZIk=,0,21,12.0,30.0,149.0,149.0,1.0,20170331.0,20170524.0,0.0,4.0,20170316.0,0.0,1.0,0.0,0.0,0.0,1.0,151.71,13.0,31.0,1.0,4,20130124.0,4.96666666667,1,1
hBfP50bp0qMDfVqFDBD8XdK78GU9LA6tWMSIuxPv/Zg=,0,6,8.0,30.0,99.0,99.0,1.0,20170323.0,20170423.0,0.0,11.0,20170331.0,7.0,3.0,3.0,2.0,26.0,37.0,7887.127,1.0,0.0,0.0,1,20161024.0,3.3,1,1
QUU1jAx/BubndzUl9rXxCqECZZ3Q8pz0RYGvTkBpHO8=,0,16,13.0,30.0,149.0,149.0,1.0,20170322.0,20170421.0,0.0,29.0,20170331.0,0.0,1.0,0.0,0.0,66.0,16.0,11765.399,9.0,32.0,1.0,5,20140502.0,4.96666666667,1,1
CjQIkvSnLJfiVnGuifulahZgBRMwFzBz4rPihYmXHTU=,0,18,8.0,30.0,99.0,99.0,1.0,20170321.0,20170421.0,0.0,24.0,20170330.0,0.0,0.0,0.0,0.0,4.0,4.0,1096.27,1.0,0.0,0.0,1,20151022.0,3.3,1,1
VNU+MjGCAkT0z+3FKoiCjG72L8yI5jm70dyfK5zJiFs=,0,3,16.0,30.0,180.0,180.0,1.0,20170311.0,20170412.0,0.0,14.0,20170322.0,0.0,0.0,0.0,0.0,1.0,1.0,260.133,1.0,0.0,0.0,6,20170110.0,6.0,1,1
a1V0Ege20A6InbmFkRXlyCERGuty9t1Cllu8dqIEXeM=,0,18,8.0,30.0,99.0,99.0,1.0,20170331.0,20170430.0,0.0,0.0,0.0,0.0,0.0,0.0,0.0,0.0,0.0,0.0,0.0,0.0,0.0,2,0.0,3.3,1,1
2+fpyLcDUg5/SD2SDMQg7MZxTBGlCXjsLBypEnBTmfI=,0,10,8.0,30.0,99.0,99.0,1.0,20170308.0,20170408.0,0.0,0.0,0.0,0.0,0.0,0.0,0.0,0.0,0.0,0.0,0.0,0.0,0.0,2,0.0,3.3,1,1
1YbBtBw78k0vYRGUWHIM/jqfSMiiAzdlNCu9PSAzseo=,1,20,8.0,30.0,99.0,99.0,1.0,20170310.0,20170310.0,1.0,0.0,0.0,0.0,0.0,0.0,0.0,0.0,0.0,0.0,0.0,0.0,0.0,2,0.0,3.3,0,0
totKDPN6kRVT5td+IKlCjr8TPm3bGDLt1A0XAbD0d44=,0,9,15.0,30.0,149.0,149.0,1.0,20170318.0,20170417.0,0.0,5.0,20170319.0,6.0,0.0,0.0,2.0,28.0,34.0,7443.144,1.0,0.0,0.0,4,20160718.0,4.96666666667,1,1
P4n9t2Pkj5N5iupOxenb+5CMQYxlOiuSsHZHCABn+Io=,0,6,15.0,30.0,149.0,149.0,1.0,20170301.0,20170331.0,0.0,0.0,0.0,0.0,0.0,0.0,0.0,0.0,0.0,0.0,0.0,0.0,0.0,2,0.0,4.96666666667,1,1
YIWlBCvm86jGca4QYnU0A5dyMMVAgAJANZgXj2QfNIE=,0,40,8.0,30.0,99.0,99.0,1.0,20170307.0,20170407.0,0.0,1.0,20170308.0,1.0,0.0,0.0,0.0,1.0,1.0,216.097,1.0,0.0,0.0,1,20130314.0,3.3,1,1
OWRrhNIXawi2q6pc3/nqZIwwYxZyLmeYVt9ceK+aeHE=,0,28,8.0,30.0,99.0,99.0,1.0,20170302.0,20170402.0,0.0,9.0,20170331.0,46.0,4.0,4.0,2.0,51.0,38.0,12506.43,1.0,0.0,0.0,1,20121004.0,3.3,1,1
G9osmZy42JQn5i/9A009VZ4otlRR7HBywmMlwgj4B7E=,0,3,28.0,90.0,298.0,298.0,0.0,20170222.0,20170523.0,0.0,10.0,20170330.0,2.0,0.0,0.0,0.0,18.0,19.0,4619.496,17.0,26.0,1.0,4,20090603.0,3.31111111111,0,0
/GE+yvRjt1y6Oeo4Vpi6M5m3SIFogYiCjYDFfLLimb0=,0,27,8.0,30.0,129.0,129.0,1.0,20170302.0,20170403.0,0.0,4.0,20170318.0,1.0,0.0,0.0,0.0,10.0,11.0,2372.318,1.0,0.0,0.0,1,20101203.0,4.3,1,1
cxNZ4iFvkOyEM7QmN3/zN+Gi9mGrVO7QU7KP4HBsGT0=,0,14,8.0,30.0,99.0,99.0,1.0,20170318.0,20170418.0,0.0,31.0,20170331.0,9.0,2.0,0.0,1.0,68.0,72.0,16115.751,1.0,0.0,0.0,1,20160219.0,3.3,1,1
sj4T63elgAJgqyOrZ+399WIAgspfi3wlnEggU8DBiIk=,0,8,8.0,30.0,99.0,99.0,1.0,20170301.0,20170401.0,0.0,24.0,20170331.0,10.0,9.0,0.0,0.0,8.0,27.0,3089.208,1.0,0.0,0.0,1,20160801.0,3.3,1,1
3moBQuvQAcohELCOs/d3fuOEokshnOnxJetKW2OnNEo=,1,4,31.0,0.0,0.0,0.0,0.0,0.0,0.0,0.0,0.0,0.0,0.0,0.0,0.0,0.0,0.0,0.0,0.0,1.0,0.0,0.0,4,20150203.0,10.0,0,0
ARtxRoGsfTwzg/rN6gKeavl0HtLGOkjxMTEnZBapEwQ=,1,4,21.0,7.0,0.0,0.0,0.0,20170220.0,20180526.0,0.0,31.0,20170331.0,1.0,0.0,0.0,0.0,80.0,66.0,19901.46,17.0,47.0,1.0,6,20160323.0,0.0,0,0
nUCdAlA2GX8gPw0BG1HoU2+SEhthIbzoee3gOQjKK2I=,0,13,8.0,30.0,99.0,99.0,1.0,20170315.0,20170415.0,0.0,5.0,20170326.0,5.0,1.0,0.0,0.0,3.0,5.0,929.564,1.0,0.0,0.0,1,20160315.0,3.3,1,1
PocBVq2Wdz+H5rYmQXtYXveJic0e4Id4k+85Vs/00LI=,0,22,13.0,30.0,149.0,149.0,1.0,20170325.0,20170425.0,0.0,25.0,20170331.0,4.0,0.0,0.0,1.0,79.0,82.0,18171.226,17.0,36.0,1.0,5,20150601.0,4.96666666667,1,1
KJ7IopJlLnUeSHgRn9d1vu0mogCYRZleeIYGO88SZVE=,0,3,19.0,30.0,149.0,149.0,0.0,20170311.0,20170410.0,0.0,29.0,20170331.0,0.0,0.0,0.0,1.0,7.0,8.0,2008.213,12.0,23.0,2.0,6,20170104.0,4.96666666667,0,0
xaNdOJ7Psxmesh7re/cAS6SCicnTGORasuSacL0Ibck=,0,18,8.0,30.0,99.0,99.0,1.0,20170306.0,20170406.0,0.0,31.0,20170331.0,47.0,16.0,5.0,0.0,73.0,139.0,21748.03,1.0,0.0,0.0,1,20140302.0,3.3,1,1
o5R5J0ZY0UI7jEzpbrk92b0OYCDUSY6QJNBOlJbqaHg=,0,16,8.0,30.0,99.0,99.0,1.0,20170325.0,20170325.0,1.0,2.0,20170310.0,0.0,0.0,0.0,0.0,2.0,2.0,430.0,1.0,0.0,0.0,1,20160108.0,3.3,0,0
lU3Ag+M0ftr9Mw6f0UlBuLQrYVDbSqbYheS2B4P7MPM=,0,2,17.0,30.0,180.0,180.0,1.0,20170321.0,20170421.0,0.0,29.0,20170331.0,5.0,0.0,0.0,0.0,65.0,33.0,14962.067,1.0,26.0,2.0,5,20150628.0,6.0,1,1
MY5UjqimZdeAYxO/rFrmhoR7Rx7gx5nyc4VxerjbAEA=,0,4,19.0,30.0,149.0,149.0,0.0,20170329.0,20170428.0,0.0,10.0,20170330.0,11.0,0.0,0.0,1.0,2.0,11.0,968.49,15.0,18.0,2.0,6,20161121.0,4.96666666667,0,0
M7lYm1oSBlyD12YmjFDQg5OK7FWtRYHszPe1TMu9EFM=,0,15,13.0,30.0,149.0,149.0,1.0,20170317.0,20170416.0,0.0,18.0,20170331.0,0.0,0.0,1.0,0.0,0.0,1.0,156.343,12.0,0.0,0.0,6,20160108.0,4.96666666667,1,1
hHGmQKVXQ3cXnzLEjowdJ2eTSz5omgihHHYRMy4WF4o=,0,18,8.0,30.0,149.0,149.0,1.0,20170310.0,20170410.0,0.0,6.0,20170330.0,6.0,1.0,0.0,1.0,31.0,33.0,7453.439,1.0,0.0,0.0,1,20111003.0,4.96666666667,1,1
cV+7ullhG5SUCdK46WRninL+CNn+HHUX+KJGBR46bgY=,0,14,8.0,30.0,99.0,99.0,1.0,20170320.0,20170420.0,0.0,15.0,20170330.0,1.0,0.0,1.0,0.0,19.0,20.0,4793.661,1.0,0.0,0.0,1,20160221.0,3.3,1,1
JJnyEVub6pfhaIixh5uKTPUsnWPj0znhn06i9DPYKSg=,0,21,16.0,30.0,180.0,180.0,1.0,20170327.0,20170426.0,0.0,22.0,20170330.0,0.0,0.0,0.0,0.0,40.0,34.0,10488.094,13.0,29.0,1.0,4,20041020.0,6.0,1,1
g1eETeR8J/VFWKSHg+Kq+ZAHJOJ6ORHuLVThOmKsj5I=,0,8,8.0,30.0,99.0,99.0,1.0,20170304.0,20170404.0,0.0,0.0,0.0,0.0,0.0,0.0,0.0,0.0,0.0,0.0,0.0,0.0,0.0,2,0.0,3.3,1,1
/hBBZB02CLXwEYx2qVn69tXC/eHSyfRLWl1nHi224WE=,0,18,4.0,30.0,149.0,149.0,1.0,20170308.0,20170410.0,0.0,27.0,20170331.0,6.0,2.0,2.0,1.0,35.0,25.0,12580.15,13.0,38.0,2.0,6,20151008.0,4.96666666667,1,1
aarNLkfXaac0GlcUin0ILJgnSfT3nxiaEVfdFzWIOAg=,0,9,19.0,30.0,149.0,149.0,0.0,20170303.0,20170402.0,0.0,18.0,20170329.0,1.0,0.0,0.0,0.0,11.0,11.0,2812.892,1.0,17.0,2.0,5,20160507.0,4.96666666667,0,0
QbQj47XjMDn/l2AEIXsY6yw7Q8By0gtk4KUL2UNJj1o=,0,17,8.0,30.0,99.0,99.0,1.0,20170327.0,20170427.0,0.0,0.0,0.0,0.0,0.0,0.0,0.0,0.0,0.0,0.0,0.0,0.0,0.0,2,0.0,3.3,1,1
ALj3WVwRUJ+Jj1qGr+Jd180KkYGwU5OvYkgbwaOXguA=,0,18,8.0,30.0,99.0,99.0,1.0,20170324.0,20170424.0,0.0,0.0,0.0,0.0,0.0,0.0,0.0,0.0,0.0,0.0,1.0,0.0,0.0,1,20151024.0,3.3,1,1
7gSsx6nrVdmEWA22tRBqfTOnvanFZTAHpqOYzcFmOMU=,0,29,13.0,30.0,149.0,149.0,1.0,20170314.0,20170413.0,0.0,29.0,20170331.0,44.0,6.0,1.0,3.0,24.0,74.0,7458.104,17.0,28.0,1.0,1,20130221.0,4.96666666667,1,1
1zy4ysv+Y3xakK56AovoDfgWV32wt9Asr4dq0dIcIFk=,1,1,31.0,0.0,0.0,0.0,0.0,0.0,0.0,0.0,4.0,20170306.0,0.0,0.0,0.0,0.0,7.0,1.0,1827.84,1.0,24.0,1.0,5,20170115.0,10.0,0,0
ANJlSRx0Glv00awIWuZpeieGM+Aeqf7zDLp4bkYHzlM=,1,9,31.0,0.0,0.0,0.0,0.0,0.0,0.0,0.0,0.0,0.0,0.0,0.0,0.0,0.0,0.0,0.0,0.0,0.0,0.0,0.0,2,0.0,10.0,0,0
GekuDxJwGOk+v8yx33uX3iZMUznTIB15J/jwQnPNmZA=,0,18,16.0,30.0,180.0,180.0,0.0,20170331.0,20170430.0,0.0,15.0,20170331.0,1.0,0.0,1.0,1.0,11.0,12.0,2751.917,19.0,0.0,0.0,5,20121127.0,6.0,0,0
b6ZBPVFokJnpbzMLyIwP3nu6HZjBUpMcT2ZWG3aH/2A=,0,27,8.0,30.0,149.0,149.0,1.0,20170322.0,20170422.0,0.0,0.0,0.0,0.0,0.0,0.0,0.0,0.0,0.0,0.0,1.0,0.0,0.0,1,20140423.0,4.96666666667,1,1
0l9lvpP0X+Zizf41kU/WuHCM1UhK0oXf/YAQ3WwqWAU=,0,23,1.0,30.0,149.0,149.0,1.0,20170331.0,20170430.0,0.0,7.0,20170327.0,1.0,0.0,0.0,0.0,5.0,6.0,1084.391,13.0,20.0,1.0,4,20080223.0,4.96666666667,1,1
uB3+NkEQyTkENvFC1LAL9Fb/ZAQtmNDGjzdpObVyVUg=,0,21,12.0,30.0,149.0,149.0,1.0,20170331.0,20170514.0,0.0,0.0,0.0,0.0,0.0,0.0,0.0,0.0,0.0,0.0,12.0,90.0,1.0,4,20071120.0,4.96666666667,1,1
MHWh3m6Bbnlk2t3QJD0Bjjxk+kwLMxV4XW0QQogxF6k=,0,14,8.0,30.0,99.0,99.0,1.0,20170303.0,20170403.0,0.0,0.0,0.0,0.0,0.0,0.0,0.0,0.0,0.0,0.0,1.0,0.0,0.0,1,20160203.0,3.3,1,1
31Ezw+vEswOwx9mhwtsRVxGNsTx0qn2BKS1C6AlKKnQ=,0,10,8.0,30.0,99.0,99.0,1.0,20170323.0,20170423.0,0.0,24.0,20170331.0,0.0,1.0,0.0,0.0,27.0,5.0,4073.857,1.0,0.0,0.0,1,20160623.0,3.3,1,1
QwDsUCEP4Z3R9BnmSTl/xxBZzoX9OTyxI3X7DhoMbBA=,0,20,4.0,30.0,149.0,149.0,1.0,20170318.0,20170424.0,0.0,21.0,20170331.0,3.0,0.0,0.0,0.0,27.0,30.0,6200.972,16.0,22.0,1.0,5,20150817.0,4.96666666667,1,1
dfB16k49I9+78y6/Kgum3bw2q768I4vJ2slJtLfz734=,0,5,8.0,30.0,99.0,99.0,1.0,20170308.0,20170408.0,0.0,0.0,0.0,0.0,0.0,0.0,0.0,0.0,0.0,0.0,0.0,0.0,0.0,2,0.0,3.3,1,1
vy2lgSCRch/fN95zAVvyHWz/xLs8bpcYcj3RsvFvHy8=,0,16,8.0,30.0,99.0,99.0,1.0,20170321.0,20170421.0,0.0,0.0,0.0,0.0,0.0,0.0,0.0,0.0,0.0,0.0,1.0,0.0,0.0,1,20151222.0,3.3,1,1
2Nq7S0h3+WtttvuJQvXMhGyr4TeFoHFVqMI3qCJoLlU=,0,23,12.0,30.0,149.0,149.0,1.0,20170331.0,20170518.0,0.0,31.0,20170331.0,12.0,9.0,4.0,1.0,54.0,50.0,16049.201,9.0,0.0,0.0,1,20131120.0,4.96666666667,1,1
h3vk6OVLIJ45GcjUUVHSa9cGmIRooZJ6lKXGZHbzPyA=,0,31,8.0,30.0,99.0,99.0,1.0,20170331.0,20170430.0,0.0,17.0,20170331.0,4.0,0.0,0.0,8.0,6.0,13.0,3533.079,1.0,0.0,0.0,1,20140504.0,3.3,1,1
GegKiLYwcotvUoMlgamJs19gvkqusfTEATZIFhcU5vE=,0,28,13.0,30.0,149.0,149.0,1.0,20170304.0,20170403.0,0.0,14.0,20170331.0,21.0,3.0,3.0,1.0,56.0,44.0,16668.194,11.0,27.0,1.0,1,20120921.0,4.96666666667,1,1
+q8UXnrGG5jZq2bSD2037bz1Qn8gVG2V+iHm8XI4PB0=,0,12,8.0,30.0,99.0,99.0,1.0,20170326.0,20170426.0,0.0,2.0,20170331.0,0.0,0.0,0.0,0.0,17.0,17.0,3832.358,17.0,38.0,2.0,1,20131106.0,3.3,1,1
VuqgNzG0BuaH6t0fTfpo3LQpoV0QMdJvB2lpRTOvYiw=,0,11,31.0,0.0,0.0,0.0,0.0,0.0,0.0,0.0,21.0,20170326.0,20.0,2.0,4.0,3.0,80.0,90.0,21742.281,16.0,23.0,2.0,6,20160115.0,10.0,0,0
LpTlilEpDJGmiipAer+BB4INsZ5R+jOnYAxcLuf2p+A=,0,27,8.0,30.0,149.0,149.0,1.0,20170305.0,20170405.0,0.0,27.0,20170331.0,13.0,1.0,1.0,0.0,105.0,62.0,25056.048,1.0,0.0,0.0,1,20140406.0,4.96666666667,1,1
H/ukUUr/m5AxK2zv5LimYohGt4UToMTP9aD3hHqHB4Q=,0,27,8.0,30.0,149.0,149.0,1.0,20170303.0,20170403.0,0.0,30.0,20170331.0,4.0,1.0,0.0,1.0,12.0,18.0,3119.91,1.0,0.0,0.0,1,20140204.0,4.96666666667,1,1
jVp9CTPjGVrDsg7Ng9+DCB6xiDpDYFdlde1LvdVGrmM=,0,20,8.0,30.0,99.0,99.0,1.0,20170306.0,20170406.0,0.0,31.0,20170331.0,3.0,2.0,1.0,0.0,55.0,58.0,14248.915,1.0,0.0,0.0,1,20150807.0,3.3,1,1
1PQbUcTHPcrRckAUuAQay2+eHN5ip3N2Us7sViggV7k=,0,13,8.0,30.0,149.0,149.0,1.0,20170318.0,20170418.0,0.0,3.0,20170323.0,19.0,0.0,0.0,1.0,4.0,18.0,1625.846,1.0,0.0,0.0,1,20160318.0,4.96666666667,1,1
YWXfAsvNhKbsExmo+ml60YrS4RRleABsoGXRb+PIQnc=,0,2,31.0,0.0,0.0,0.0,0.0,0.0,0.0,0.0,8.0,20170311.0,1.0,0.0,0.0,0.0,11.0,12.0,2523.209,1.0,0.0,0.0,4,20170108.0,10.0,0,0
2QddMP5E6r1a2Hyg0I8CtxZUoFA29SmMtiBefgUec6s=,0,17,31.0,0.0,0.0,0.0,0.0,0.0,0.0,0.0,29.0,20170329.0,3.0,0.0,2.0,3.0,5.0,12.0,2133.421,13.0,29.0,2.0,4,20150516.0,10.0,0,0
j9eW0Qpwp/jElTF98xI5TN+/wePpaZAQ3tcTyIWumlg=,0,8,8.0,30.0,99.0,99.0,1.0,20170306.0,20170406.0,0.0,23.0,20170330.0,5.0,0.0,1.0,0.0,6.0,7.0,1623.267,1.0,0.0,0.0,1,20160807.0,3.3,1,1
5A/ssZbs4onD2RP3lnRc03ZbudGW7ZIreq2JuC69o1E=,0,18,8.0,30.0,99.0,99.0,1.0,20170331.0,20170430.0,0.0,6.0,20170329.0,0.0,0.0,0.0,0.0,8.0,1.0,2456.608,1.0,0.0,0.0,1,20130904.0,3.3,1,1
XpQX5i1qpfaDqm5407ztuUXGV+Qqmw28kJCTDxy9lpI=,0,29,12.0,30.0,149.0,149.0,1.0,20170331.0,20170521.0,0.0,31.0,20170331.0,4.0,2.0,0.0,0.0,52.0,44.0,13196.517,9.0,54.0,1.0,4,20080217.0,4.96666666667,1,1
ygFcTGqDK0DSAT/yAXZcFTpkmIHZv95lHEvHfbNIiBk=,0,22,12.0,30.0,149.0,149.0,1.0,20170331.0,20170526.0,0.0,6.0,20170326.0,0.0,0.0,2.0,0.0,0.0,2.0,327.193,7.0,24.0,1.0,4,20070429.0,4.96666666667,1,1
DhCJCwkNmJQuVbEi32jWCC3GZ/RhH2BWkHosg28W+DM=,0,27,8.0,30.0,149.0,149.0,1.0,20170312.0,20170412.0,0.0,31.0,20170331.0,0.0,1.0,0.0,0.0,12.0,13.0,3568.948,1.0,0.0,0.0,1,20130913.0,4.96666666667,1,1
SGQzBAKacR0NHh9mKyFZBMqEBESPVfHW5sqf0rBentc=,0,15,19.0,30.0,149.0,149.0,0.0,20170309.0,20170408.0,0.0,14.0,20170331.0,11.0,2.0,1.0,1.0,16.0,29.0,4635.32,1.0,0.0,0.0,4,20130831.0,4.96666666667,0,0
ZGkgtgXG9ClYQk2tnqZzRw5/FlR5W5hqJ+BDRR1khkY=,0,9,8.0,30.0,99.0,99.0,1.0,20170311.0,20170411.0,0.0,10.0,20170329.0,1.0,0.0,0.0,0.0,4.0,4.0,1043.853,1.0,0.0,0.0,1,20160712.0,3.3,1,1
e+aCEoA5e3exlwonzWghBzM1NGKagSIYiYIv4B++LJg=,0,3,8.0,30.0,100.0,100.0,1.0,20170307.0,20170407.0,0.0,26.0,20170331.0,3.0,0.0,0.0,0.0,27.0,18.0,7086.577,1.0,0.0,0.0,1,20130819.0,3.33333333333,1,1
8Zc9wcWwxmr4lGe/FBUFRYkkw/pOTKYK6dhSrp2+te8=,0,15,8.0,30.0,99.0,99.0,1.0,20170325.0,20170425.0,0.0,15.0,20170330.0,0.0,0.0,0.0,0.0,5.0,5.0,1132.0,1.0,0.0,0.0,1,20160126.0,3.3,1,1
sensj59hH2m2BJuthEb+iTf7aRvhDZD6bgTyjpgqkeM=,0,15,8.0,30.0,149.0,149.0,1.0,20170311.0,20170411.0,0.0,22.0,20170328.0,0.0,0.0,0.0,0.0,1.0,1.0,276.897,1.0,0.0,0.0,1,20160112.0,4.96666666667,1,1
XO58bFJ33huA5gicsOsdT5rOM/mRvoqIotO9HH/RuCM=,1,7,31.0,0.0,0.0,0.0,0.0,0.0,0.0,0.0,0.0,0.0,0.0,0.0,0.0,0.0,0.0,0.0,0.0,0.0,0.0,0.0,2,0.0,10.0,0,0
g9gN1VyVOsnl4mpB4nUz5cryFZv8JcSQL+QCTvwUDZE=,0,9,16.0,30.0,180.0,180.0,0.0,20170319.0,20170418.0,0.0,11.0,20170326.0,1.0,0.0,0.0,0.0,1.0,2.0,315.498,9.0,33.0,1.0,4,20130126.0,6.0,0,0
eXszJ6h2YnqCw9otWWWjk64BjaNt8YYrtRJXRA0eLRk=,0,6,8.0,30.0,99.0,99.0,1.0,20170308.0,20170408.0,0.0,3.0,20170311.0,1.0,0.0,1.0,0.0,47.0,49.0,13362.056,1.0,0.0,0.0,1,20161008.0,3.3,1,1
qdptsWfp7espsuaTy1GqLUtocWW16brNR5CgsGpSego=,0,8,19.0,30.0,149.0,149.0,0.0,20170321.0,20170421.0,0.0,26.0,20170331.0,0.0,0.0,2.0,1.0,14.0,16.0,4217.514,17.0,32.0,1.0,5,20150909.0,4.96666666667,0,0
AaiF+xFQRWeEszPR/Bsn59Bgvzg9yu2nt6KlFUirnxE=,0,21,8.0,30.0,149.0,149.0,1.0,20170311.0,20170411.0,0.0,0.0,0.0,0.0,0.0,0.0,0.0,0.0,0.0,0.0,1.0,0.0,0.0,1,20150711.0,4.96666666667,1,1
q6R7/CmHvuDjtO2W6LwXfNQwjmKIt+iHroSW/AzQ+0A=,1,27,8.0,30.0,129.0,129.0,1.0,20151214.0,20170821.0,0.0,0.0,0.0,0.0,0.0,0.0,0.0,0.0,0.0,0.0,18.0,22.0,1.0,1,20131213.0,4.3,1,1
2B6g8ZfJMIKyNx5MX3soAiodC6l6thMuVPD1or+beK8=,0,26,8.0,30.0,149.0,149.0,1.0,20170312.0,20170412.0,0.0,0.0,0.0,0.0,0.0,0.0,0.0,0.0,0.0,0.0,0.0,0.0,0.0,2,0.0,4.96666666667,1,1
9S7eGsKWhLynlXg2ZnLoPUlipYDBVKz22KpKzA052Gw=,0,19,8.0,30.0,99.0,99.0,1.0,20170331.0,20170430.0,0.0,0.0,0.0,0.0,0.0,0.0,0.0,0.0,0.0,0.0,0.0,0.0,0.0,2,0.0,3.3,1,1
l2bBgBOFk6Rg0nJM0EW58a+xFw6lpbMXkTO0ianGNzg=,0,21,12.0,30.0,149.0,149.0,1.0,20170331.0,20170514.0,0.0,1.0,20170315.0,3.0,3.0,0.0,0.0,1.0,6.0,543.655,17.0,35.0,2.0,4,20110221.0,4.96666666667,1,1
w5FBjf3BPWXF1oECG3mnV5yscFhRJ5B9TjCWUmuAy4g=,0,21,8.0,30.0,99.0,99.0,1.0,20170314.0,20170414.0,0.0,0.0,0.0,0.0,0.0,0.0,0.0,0.0,0.0,0.0,0.0,0.0,0.0,2,0.0,3.3,1,1
paEIZ/u+w79RidcmT1ZBdMlsnynyGHI/4X5byU4bvmg=,0,14,8.0,30.0,99.0,99.0,1.0,20170316.0,20170416.0,0.0,4.0,20170325.0,2.0,0.0,0.0,1.0,0.0,2.0,284.21,1.0,0.0,0.0,1,20160217.0,3.3,1,1
0+azAGcrx+OohgJgp54K2/PAlK65/ruP2iK/MFTvty8=,0,23,7.0,30.0,149.0,149.0,1.0,20170331.0,20170430.0,0.0,18.0,20170321.0,9.0,3.0,0.0,2.0,56.0,54.0,18612.102,17.0,34.0,2.0,5,20140513.0,4.96666666667,1,1
e+JySFuA348az+hVc/RIIkGjf3IGuA4yAYTKPfjdl+M=,0,27,13.0,30.0,149.0,149.0,1.0,20170319.0,20170420.0,0.0,3.0,20170331.0,7.0,2.0,1.0,0.0,13.0,22.0,3357.541,17.0,27.0,1.0,4,20111203.0,4.96666666667,1,1
E7TcPXb1hwjJpefCF7JYruHOESAdZw9fpZPaiQNGUTI=,0,27,8.0,30.0,149.0,149.0,1.0,20170307.0,20170408.0,0.0,0.0,0.0,0.0,0.0,0.0,0.0,0.0,0.0,0.0,1.0,0.0,0.0,1,20120508.0,4.96666666667,1,1
jeQLof6KRAT+U/wWLtXSrT+T5+keOvqHEMa/tRrMSf4=,0,14,8.0,30.0,99.0,99.0,1.0,20170303.0,20170403.0,0.0,2.0,20170328.0,1.0,0.0,0.0,1.0,19.0,3.0,4099.794,1.0,0.0,0.0,1,20160203.0,3.3,1,1
ZmQ3TjUSi4YpTCcHD+fxAY8F8LdohrJrBBbzAW5nsbA=,0,23,1.0,30.0,149.0,149.0,1.0,20170331.0,20170430.0,0.0,14.0,20170322.0,0.0,1.0,0.0,0.0,48.0,49.0,12611.674,18.0,35.0,2.0,4,20080420.0,4.96666666667,1,1
+c8FkQXSgWS+SAdlg9Wl0sj67ItafGAgWUeseeCv9Dw=,0,20,8.0,30.0,99.0,99.0,1.0,20170318.0,20170418.0,0.0,11.0,20170331.0,1.0,0.0,0.0,0.0,33.0,33.0,7538.78,1.0,0.0,0.0,1,20150818.0,3.3,1,1
dGsf7Wu86j/TYDpSHt9xakPoyaptXITBmMRUW4Pu9Ps=,0,8,16.0,30.0,180.0,180.0,1.0,20170317.0,20170416.0,0.0,30.0,20170331.0,1.0,0.0,0.0,0.0,9.0,10.0,2478.543,1.0,0.0,0.0,5,20120609.0,6.0,1,1
tDZoKX7GEl6OZCa08yk//zIcGY2fnz+Nu0k0yhGRYe0=,0,10,8.0,30.0,99.0,99.0,1.0,20170312.0,20170412.0,0.0,0.0,0.0,0.0,0.0,0.0,0.0,0.0,0.0,0.0,1.0,0.0,0.0,1,20160613.0,3.3,1,1
Cgs/g6lf+PEMIqyaTIT4HlkwKAraaRNo3rhblnrTNmA=,0,19,8.0,30.0,99.0,99.0,1.0,20170307.0,20170407.0,0.0,0.0,0.0,0.0,0.0,0.0,0.0,0.0,0.0,0.0,1.0,0.0,0.0,1,20150907.0,3.3,1,1
Pcec8XwtSb6RwI9Kr0SnC1wYVL7Fyb6b2UeRDPSrN8U=,0,6,15.0,30.0,129.0,129.0,1.0,20170308.0,20170407.0,0.0,30.0,20170331.0,0.0,1.0,0.0,0.0,30.0,30.0,7581.045,1.0,0.0,0.0,3,20161008.0,4.3,1,1
HKCDZYwh/cj7Z8X55jdPWIQ3oKAc+dPeEKFiAicq2kw=,0,23,8.0,30.0,149.0,149.0,1.0,20170305.0,20170405.0,0.0,29.0,20170331.0,6.0,1.0,0.0,1.0,4.0,12.0,1147.576,1.0,0.0,0.0,1,20120602.0,4.96666666667,1,1
GiDNEXzDuTKr80ZmOhfZ9TGwFSa7FP2Is+xuN+qLV54=,0,21,8.0,30.0,99.0,99.0,1.0,20170324.0,20170424.0,0.0,19.0,20170329.0,0.0,0.0,0.0,0.0,12.0,12.0,2843.0,1.0,0.0,0.0,1,20150724.0,3.3,1,1
0g3U1LAcxqr9Hizt49CVpsK5SQQNPjU2+0UCmMX5OCg=,0,29,8.0,30.0,99.0,99.0,1.0,20170306.0,20170406.0,0.0,27.0,20170330.0,15.0,2.0,0.0,0.0,20.0,35.0,5001.193,1.0,0.0,0.0,1,20111030.0,3.3,1,1
6cimbsLjQTpm4rZl4Llf0J01AXjZYmnLOeqtnz8mozM=,0,10,8.0,30.0,99.0,99.0,1.0,20170331.0,20170430.0,0.0,25.0,20170331.0,2.0,0.0,1.0,1.0,46.0,48.0,11964.246,1.0,0.0,0.0,1,20160429.0,3.3,1,1
AF4BLBs0go5o6271KTvmZDbncOocGNKCsuvINiMob9c=,0,2,5.0,30.0,149.0,99.0,1.0,20170331.0,20170430.0,0.0,13.0,20170331.0,1.0,2.0,0.0,0.0,3.0,5.0,873.094,1.0,25.0,2.0,5,20150121.0,3.3,1,1
7hwtEhqQgJ0QoysYpBLMRZMZqbwQO/pJIfvfsEXKAAI=,0,27,13.0,30.0,149.0,149.0,1.0,20170320.0,20170419.0,0.0,4.0,20170307.0,5.0,1.0,0.0,0.0,7.0,13.0,1806.392,17.0,28.0,2.0,4,20120129.0,4.96666666667,1,1
eqDNN8t8KDqwgKTLfxmf4+AKLJqqDcnPtjTI8kmsyxI=,0,14,8.0,30.0,99.0,99.0,1.0,20170320.0,20170420.0,0.0,0.0,0.0,0.0,0.0,0.0,0.0,0.0,0.0,0.0,0.0,0.0,0.0,2,0.0,3.3,1,1
Q/kFUhqLf3x5VQsffjOjlFiwcRWL3GKyCV3Ui3pl910=,0,20,8.0,30.0,99.0,99.0,1.0,20170320.0,20170320.0,1.0,8.0,20170331.0,0.0,0.0,0.0,0.0,1.0,1.0,256.0,1.0,0.0,0.0,1,20150914.0,3.3,0,0
uTv0AT/ZB14SdfcF+IDsMsvwZTU0bvCoxfO4+92YtA8=,1,7,31.0,0.0,0.0,0.0,0.0,0.0,0.0,0.0,13.0,20170324.0,3.0,0.0,1.0,1.0,17.0,22.0,4921.568,1.0,32.0,1.0,5,20150908.0,10.0,0,0
y4B86uyZY2cbWl0Lo6ge4MBzrqyPHRFhyk8nOyhTiLU=,0,20,19.0,30.0,149.0,149.0,0.0,20170307.0,20170406.0,0.0,31.0,20170331.0,2.0,0.0,0.0,1.0,21.0,23.0,5938.921,9.0,20.0,0.0,4,20150818.0,4.96666666667,0,0
4kfpT54kXtgija4kbxvV2Ocd1a+YZbOcPd4HdFZ3Ysw=,0,25,4.0,30.0,149.0,149.0,1.0,20170313.0,20170412.0,0.0,0.0,0.0,0.0,0.0,0.0,0.0,0.0,0.0,0.0,21.0,25.0,1.0,4,20070424.0,4.96666666667,1,1
RhH595LAWwz9cbDh5S7p7uy+Y4cfvX8KsSzyRbjkKss=,0,4,8.0,30.0,99.0,99.0,1.0,20170326.0,20170426.0,0.0,28.0,20170331.0,0.0,1.0,0.0,1.0,8.0,3.0,1489.317,1.0,0.0,0.0,1,20161227.0,3.3,1,1
+H9I+RBLTo6g6At4gIfsr0GkoNuGLbZNeqaP9BxvN48=,0,9,8.0,30.0,99.0,99.0,1.0,20170319.0,20170419.0,0.0,8.0,20170328.0,0.0,0.0,0.0,0.0,2.0,2.0,540.0,1.0,0.0,0.0,1,20160720.0,3.3,1,1
6ijXmQE0vcqvVqChvtnrVWsI+Lt3FxgOVUV9ndq9K3o=,0,2,8.0,30.0,99.0,99.0,1.0,20170312.0,20170412.0,0.0,9.0,20170330.0,3.0,13.0,4.0,0.0,2.0,20.0,2280.208,1.0,0.0,0.0,1,20170213.0,3.3,1,1
uSbTEdtI9M9IEKpEOtd5kVqYJembY9LC8kxsSUptRSc=,0,14,8.0,30.0,99.0,99.0,1.0,20170315.0,20170415.0,0.0,1.0,20170307.0,0.0,0.0,0.0,0.0,1.0,1.0,227.631,1.0,0.0,0.0,1,20160216.0,3.3,1,1
cE8wCH2Ul81Tw0gtdRL00QBEqUjPsKt+ezOY+4AOQiI=,0,16,8.0,30.0,99.0,99.0,1.0,20170326.0,20170426.0,0.0,1.0,20170308.0,0.0,1.0,1.0,0.0,9.0,7.0,2084.543,1.0,0.0,0.0,1,20151226.0,3.3,1,1
3e6mKhZiWalk+Skop9veFBzHuOsEL/246QYVGCOsY9k=,0,15,8.0,30.0,99.0,99.0,1.0,20170308.0,20170408.0,0.0,0.0,0.0,0.0,0.0,0.0,0.0,0.0,0.0,0.0,1.0,0.0,0.0,1,20160108.0,3.3,1,1
WEFcL7AdU0yi5j9TQdQmb9141gQvLNAn2pYkkogyiB4=,0,15,8.0,30.0,99.0,99.0,1.0,20170308.0,20170408.0,0.0,0.0,0.0,0.0,0.0,0.0,0.0,0.0,0.0,0.0,0.0,0.0,0.0,2,0.0,3.3,1,1
kvZVMvdzEx1Nn5UKw/8n/CbU//JrhiCmdeWIIONK1hI=,0,23,7.0,30.0,149.0,149.0,1.0,20170331.0,20170430.0,0.0,9.0,20170327.0,0.0,0.0,1.0,0.0,14.0,11.0,5207.092,9.0,0.0,0.0,1,20110318.0,4.96666666667,1,1
55vuUfc5rO1dz00y9N9Bkp0nb0go+Xdo+64IfIzrY7I=,0,18,8.0,30.0,99.0,99.0,1.0,20170318.0,20170418.0,0.0,0.0,0.0,0.0,0.0,0.0,0.0,0.0,0.0,0.0,0.0,0.0,0.0,2,0.0,3.3,1,1
FHD1CyR+kRIXr60B534lH0na2Y5hJ3S85vcTFcp64Vc=,0,4,17.0,30.0,180.0,180.0,1.0,20170324.0,20170424.0,0.0,15.0,20170330.0,0.0,0.0,0.0,0.0,15.0,15.0,3700.0,1.0,40.0,1.0,6,20161220.0,6.0,1,1
Of6N9Rf84dL2B5q4KNYc3WwcAUMKXrbmce5v8uFUrK8=,1,3,28.0,410.0,1788.0,1788.0,0.0,20170306.0,20180430.0,0.0,20.0,20170329.0,0.0,0.0,1.0,0.0,20.0,21.0,5121.398,16.0,31.0,1.0,4,20100411.0,4.36097560976,0,0
XWecAyG3SiqDyTLxJI4IWbPopqk90Hxf5IUSZEImzTE=,0,20,8.0,30.0,99.0,99.0,1.0,20170318.0,20170418.0,0.0,0.0,0.0,0.0,0.0,0.0,0.0,0.0,0.0,0.0,0.0,0.0,0.0,2,0.0,3.3,1,1
+icXU3gsztzSqROQdA6rBIE580XtI5+/hToX/ONKcpk=,0,5,17.0,30.0,180.0,180.0,1.0,20170302.0,20170402.0,0.0,26.0,20170330.0,45.0,10.0,1.0,6.0,115.0,100.0,31878.021,16.0,17.0,2.0,6,20151129.0,6.0,1,1
yQkb2GZywy74R0ovKiU3/Inr/R1+4jqa2o5jKe7sRJs=,0,27,8.0,30.0,129.0,129.0,1.0,20170313.0,20170414.0,0.0,0.0,0.0,0.0,0.0,0.0,0.0,0.0,0.0,0.0,1.0,0.0,0.0,1,20110614.0,4.3,1,1
tct5E34xVJGQLa5LMQYVsdimh8PXsTGVLJb7OpWZH2s=,0,9,8.0,30.0,99.0,99.0,1.0,20170331.0,20170430.0,0.0,0.0,0.0,0.0,0.0,0.0,0.0,0.0,0.0,0.0,20.0,0.0,1.0,1,20140407.0,3.3,1,1
zBKz/64rm1P5REV8hW0Z/TNbQwzjIU1WfjkqindFs1s=,1,2,31.0,0.0,0.0,0.0,0.0,0.0,0.0,0.0,0.0,0.0,0.0,0.0,0.0,0.0,0.0,0.0,0.0,0.0,0.0,0.0,2,0.0,10.0,0,0
F6hRvAG6N/oWKRcBift7n0gpMlEatfv+yPuw2jzMUJ4=,0,23,16.0,30.0,180.0,180.0,1.0,20170320.0,20170419.0,0.0,29.0,20170331.0,0.0,0.0,0.0,0.0,10.0,10.0,2328.597,17.0,21.0,1.0,5,20120912.0,6.0,1,1
o2zoSe3rafiaZhrwz5q2H/wUxxb2yPkCU50t07re12I=,0,12,8.0,30.0,99.0,99.0,1.0,20170331.0,20170430.0,0.0,6.0,20170329.0,1.0,2.0,0.0,0.0,0.0,2.0,221.347,1.0,0.0,0.0,1,20151231.0,3.3,1,1
UQd4XizaiCKj8KCQT2e96ardRz8sz7qS13NruJjs4XM=,0,18,8.0,30.0,99.0,99.0,1.0,20170306.0,20170406.0,0.0,8.0,20170330.0,27.0,0.0,3.0,1.0,3.0,32.0,1779.326,1.0,0.0,0.0,1,20151006.0,3.3,1,1
hzO9hVeiv+QdGArTgH7YTzN9do6RGJM+aAYd77F8lhI=,0,5,8.0,30.0,149.0,149.0,1.0,20170322.0,20170422.0,0.0,26.0,20170331.0,29.0,19.0,5.0,5.0,27.0,62.0,10982.757,12.0,25.0,2.0,1,20161123.0,4.96666666667,1,1
SL72fZ/4hLPz1emDci8kvwlcQz+L3d2xDrwVvy4JpGk=,0,18,8.0,30.0,99.0,99.0,1.0,20170305.0,20170405.0,0.0,8.0,20170328.0,2.0,0.0,0.0,0.0,51.0,51.0,13096.892,1.0,0.0,0.0,1,20150905.0,3.3,1,1
AllR3vcB8zgzuFSwXeP73S8CktUYfEqNkMyaVcriKbM=,0,16,8.0,30.0,99.0,99.0,1.0,20170302.0,20170402.0,0.0,0.0,0.0,0.0,0.0,0.0,0.0,0.0,0.0,0.0,0.0,0.0,0.0,2,0.0,3.3,1,1
CaAvZVM94Pc+nS57uK43WIdhKpcQzFkoQ9JSaJtwcGw=,0,11,8.0,30.0,99.0,99.0,1.0,20170316.0,20170416.0,0.0,5.0,20170320.0,0.0,2.0,0.0,1.0,22.0,22.0,5979.753,1.0,0.0,0.0,1,20151015.0,3.3,1,1
u8JFjHBU7xRjk0Dou2ijsJqOB7ODlDF8u/eqhp4RDnw=,0,11,8.0,30.0,99.0,99.0,1.0,20170323.0,20170423.0,0.0,0.0,0.0,0.0,0.0,0.0,0.0,0.0,0.0,0.0,1.0,0.0,0.0,1,20160524.0,3.3,1,1
xduAB1xcjMPHVJDHpV4w1rTNf0x+2qUQi+wZiB53oKY=,0,8,8.0,30.0,99.0,99.0,1.0,20170306.0,20170406.0,0.0,0.0,0.0,0.0,0.0,0.0,0.0,0.0,0.0,0.0,1.0,0.0,0.0,1,20160806.0,3.3,1,1
UZ3BHUeUhd/D59jeyffovPhXQMsXG/0iA+j+nIacdXE=,0,27,4.0,30.0,149.0,149.0,1.0,20170326.0,20170426.0,0.0,19.0,20170330.0,2.0,0.0,0.0,0.0,9.0,11.0,2197.4,12.0,29.0,1.0,5,20130316.0,4.96666666667,1,1
QPPFG8dZ/1gftvAsvTRiDn5Ysm+4FPwYWBhAMBAc61I=,0,17,13.0,30.0,149.0,149.0,1.0,20170307.0,20170406.0,0.0,19.0,20170330.0,10.0,0.0,4.0,2.0,42.0,53.0,10849.311,13.0,22.0,2.0,6,20151130.0,4.96666666667,1,1
qGyXJUvCkyOwN39kWtp8iFIkRp+SMI9FThQ3PANoxhU=,0,29,8.0,30.0,149.0,149.0,1.0,20170320.0,20170421.0,0.0,0.0,0.0,0.0,0.0,0.0,0.0,0.0,0.0,0.0,17.0,35.0,1.0,1,20120518.0,4.96666666667,1,1
uz00is5eIhiL5m7Gwzc6nQPhqkADNocuYy3I5aTJGDI=,0,6,8.0,30.0,99.0,99.0,1.0,20170322.0,20170422.0,0.0,13.0,20170331.0,0.0,0.0,0.0,1.0,9.0,1.0,2406.655,1.0,0.0,0.0,1,20161223.0,3.3,1,1
opu32YU+HUs7iEveGatPmBpY22LABvC0fvoQXpqSlEM=,0,15,8.0,30.0,149.0,149.0,1.0,20170315.0,20170415.0,0.0,25.0,20170331.0,0.0,0.0,0.0,0.0,6.0,6.0,1391.0,1.0,0.0,0.0,1,20110512.0,4.96666666667,1,1
TfEcGE4wPBbmW7c77XP7efASy8+8sMDNI4HTSO2vQzA=,0,8,16.0,30.0,180.0,180.0,1.0,20170322.0,20170421.0,0.0,4.0,20170327.0,3.0,0.0,1.0,0.0,3.0,5.0,452.119,9.0,0.0,0.0,5,20130129.0,6.0,1,1
AtD1fGYAkA0M19v/VhZm6VC18W5RT3GX+Q2xKXlp4Tw=,0,26,6.0,30.0,149.0,149.0,1.0,20170303.0,20170402.0,0.0,29.0,20170331.0,8.0,1.0,2.0,0.0,346.0,61.0,72717.299,14.0,23.0,2.0,4,20100826.0,4.96666666667,1,1
nVJOkseMnnKHFWFGDFurjnPguwTWuG2UAcAqvII8gZg=,0,10,31.0,0.0,0.0,0.0,0.0,0.0,0.0,0.0,0.0,0.0,0.0,0.0,0.0,0.0,0.0,0.0,0.0,1.0,0.0,0.0,1,20160101.0,10.0,0,0
sm2xuBVIsSSp/3Yjh/xSrc0d/jjCtVzD429xHDMw928=,0,27,4.0,30.0,149.0,149.0,1.0,20170313.0,20170414.0,0.0,31.0,20170331.0,8.0,2.0,0.0,2.0,141.0,128.0,37539.845,19.0,26.0,1.0,5,20120404.0,4.96666666667,1,1
DUWpAOuXpCN8gKdMhorZL3MvNe0IRDk5wKnxU0gCw8s=,0,27,8.0,30.0,149.0,149.0,1.0,20170307.0,20170407.0,0.0,0.0,0.0,0.0,0.0,0.0,0.0,0.0,0.0,0.0,0.0,0.0,0.0,2,0.0,4.96666666667,1,1
Nd3fqUdSos0VfmQSDCBsHyQzHPyOKLEMYQWDKOXJBVs=,0,17,8.0,30.0,99.0,99.0,1.0,20170304.0,20170404.0,0.0,29.0,20170331.0,2.0,0.0,0.0,0.0,3.0,5.0,715.765,1.0,0.0,0.0,1,20151104.0,3.3,1,1
hhRgWbLssyQ1hhhd+Z/KjaghESVuizT7u6qskrOVbEw=,0,21,13.0,30.0,149.0,149.0,1.0,20170320.0,20170420.0,0.0,24.0,20170331.0,8.0,2.0,5.0,3.0,37.0,46.0,10342.151,16.0,36.0,1.0,4,20071013.0,4.96666666667,1,1
F6QMiTabsResXSBmCIo+kixKwzfOYgJhNCrvjIRW0Bw=,0,29,8.0,30.0,99.0,99.0,1.0,20170315.0,20170417.0,0.0,29.0,20170331.0,0.0,0.0,0.0,0.0,6.0,6.0,1429.0,1.0,0.0,0.0,1,20100806.0,3.3,1,1
44Rkwtf9tOR43QUgXhwlAWXWCakBG4ORVmZiWARZ2Z8=,0,24,8.0,30.0,149.0,149.0,1.0,20170316.0,20170416.0,0.0,0.0,0.0,0.0,0.0,0.0,0.0,0.0,0.0,0.0,0.0,0.0,0.0,2,0.0,4.96666666667,1,1
0HwYFptr/NaMjek+18BMkUSNV2PR4faXkkSlLbKQgXI=,0,23,7.0,30.0,149.0,149.0,1.0,20170331.0,20170430.0,0.0,0.0,0.0,0.0,0.0,0.0,0.0,0.0,0.0,0.0,16.0,29.0,2.0,4,20080229.0,4.96666666667,1,1
yBsI1owo89gLH4aZDIO2kMbN9TRv2+SmIC4gYo7/7b8=,0,19,8.0,30.0,99.0,99.0,1.0,20170315.0,20170415.0,0.0,0.0,0.0,0.0,0.0,0.0,0.0,0.0,0.0,0.0,1.0,0.0,0.0,1,20150916.0,3.3,1,1
hKz5M5XioV0Ntyi3654+Pn/HOwXNMoZ9JPDAj7EiAUI=,0,20,13.0,30.0,149.0,149.0,1.0,20170302.0,20170401.0,0.0,24.0,20170330.0,20.0,3.0,1.0,0.0,17.0,24.0,4191.462,9.0,18.0,2.0,4,20150802.0,4.96666666667,1,1
ndW2moDASBif8jnkZJZyeVerAxDboxGpfhB2ieWwhAE=,0,13,8.0,30.0,99.0,99.0,1.0,20170318.0,20170418.0,0.0,2.0,20170307.0,0.0,0.0,0.0,0.0,1.0,1.0,156.768,1.0,0.0,0.0,1,20160515.0,3.3,1,1
gGnUHwWY3w1pQhgO9TAJcpJ4fQVJl/Op/9YSFpXMmCg=,0,10,12.0,30.0,149.0,149.0,1.0,20170331.0,20170513.0,0.0,2.0,20170319.0,1.0,4.0,0.0,0.0,0.0,4.0,426.971,13.0,29.0,1.0,4,20120716.0,4.96666666667,1,1
8/FsnTeyVMLIE7RZ8OKlXZ7Cux7O6Mn62jmNovx5290=,0,4,8.0,30.0,99.0,99.0,1.0,20170314.0,20170414.0,0.0,0.0,0.0,0.0,0.0,0.0,0.0,0.0,0.0,0.0,0.0,0.0,0.0,2,0.0,3.3,1,1
uiCSll+ESNCNrXorf8up3MsMdFOKjAEUETZXr5oSGhE=,0,20,8.0,30.0,149.0,149.0,1.0,20170321.0,20170421.0,0.0,26.0,20170330.0,0.0,0.0,0.0,0.0,32.0,32.0,7648.376,1.0,0.0,0.0,1,20150822.0,4.96666666667,1,1
fipBhlXzzknbOw1k8yLMh8Bu+wmi47vSoBpO6SLirQ4=,1,25,8.0,30.0,149.0,149.0,1.0,20160103.0,20170529.0,1.0,0.0,0.0,0.0,0.0,0.0,0.0,0.0,0.0,0.0,1.0,0.0,0.0,1,20130709.0,4.96666666667,0,0
a1aekzwltZWyOoiqL8sSsDhbGCW/Mn6nMgYV6L+bpfU=,0,4,8.0,30.0,99.0,99.0,1.0,20170305.0,20170405.0,0.0,0.0,0.0,0.0,0.0,0.0,0.0,0.0,0.0,0.0,0.0,0.0,0.0,2,0.0,3.3,1,1
WX/MPHBfEzxkG771Vn53gAJ83a1P+7ShagAC7iYm+C8=,0,19,8.0,30.0,99.0,99.0,1.0,20170321.0,20170421.0,0.0,17.0,20170330.0,5.0,4.0,1.0,1.0,31.0,30.0,7601.13,1.0,0.0,0.0,1,20150921.0,3.3,1,1
nLa8Z+G/5XyzcsvieXgeo/4ZP+ov67Qr5LCITFuno88=,0,7,17.0,30.0,180.0,180.0,0.0,20170330.0,20170501.0,0.0,29.0,20170331.0,0.0,0.0,0.0,0.0,9.0,9.0,2392.0,16.0,25.0,2.0,1,20130108.0,6.0,0,0
xvXyC14chGusahTzNDnMDJOcs0rlb0Siz0KqHw14c8A=,0,9,8.0,30.0,99.0,99.0,1.0,20170321.0,20170421.0,0.0,14.0,20170331.0,1.0,0.0,0.0,1.0,21.0,8.0,4974.488,1.0,0.0,0.0,1,20160721.0,3.3,1,1
Yi7/GDWPq+5c3DhYOAKN7vaT3ARk6G8zB2WIoT60UbQ=,0,17,16.0,30.0,180.0,180.0,0.0,20170331.0,20170502.0,0.0,7.0,20170324.0,3.0,0.0,0.0,0.0,16.0,15.0,3635.18,14.0,25.0,2.0,4,20140302.0,6.0,0,0
S+SjMCo8QccCg5K9PHXWtLrACtgGtB//KF7SYJNWdLE=,0,20,8.0,30.0,99.0,99.0,1.0,20170306.0,20170406.0,0.0,0.0,0.0,0.0,0.0,0.0,0.0,0.0,0.0,0.0,0.0,0.0,0.0,2,0.0,3.3,1,1
MHQhjncEIAtlbYpX8gJwgj6Tl6NzBtDK6Z12wqvRMSY=,0,27,13.0,30.0,149.0,149.0,1.0,20170316.0,20170415.0,0.0,2.0,20170328.0,4.0,0.0,0.0,0.0,2.0,6.0,553.76,13.0,41.0,2.0,4,20070929.0,4.96666666667,1,1
+wiOx1alvs5+lcTi4Znd7Cne5YSGWsu5rm1zSGm5dKQ=,0,17,8.0,30.0,99.0,99.0,1.0,20170307.0,20170407.0,0.0,9.0,20170330.0,1.0,0.0,0.0,2.0,5.0,4.0,1759.553,1.0,0.0,0.0,1,20151107.0,3.3,1,1
8Tk/nYhU8K6mGHJTFLCwEtih39lefY8FR1kpwVFZXe0=,0,27,8.0,30.0,129.0,129.0,1.0,20170305.0,20170406.0,0.0,30.0,20170331.0,11.0,6.0,3.0,10.0,34.0,53.0,11620.868,1.0,0.0,0.0,1,20101006.0,4.3,1,1
hyd03XC/2BhA4STElOX/waVqxm/kODM46KdOtb3DYZE=,0,29,8.0,30.0,99.0,99.0,1.0,20170311.0,20170412.0,0.0,30.0,20170331.0,3.0,0.0,1.0,1.0,9.0,12.0,2719.711,1.0,0.0,1.0,1,20120902.0,3.3,1,1
RWzt9bRXOcC5QG8fLW9wrbmawrxNLGr4WAMvaivXJ10=,0,26,8.0,30.0,129.0,129.0,1.0,20170303.0,20170403.0,0.0,0.0,0.0,0.0,0.0,0.0,0.0,0.0,0.0,0.0,1.0,0.0,0.0,1,20120519.0,4.3,1,1
rhC6GgkyMEOkVbQ33vj8m+1jSPbouzonCgNoOolkBJU=,0,28,4.0,30.0,149.0,149.0,1.0,20170305.0,20170404.0,0.0,28.0,20170331.0,11.0,0.0,3.0,2.0,12.0,22.0,3859.105,9.0,0.0,0.0,1,20120110.0,4.96666666667,1,1
q28iZnGN1R4PPil+LfSuwtNwXYidyeSZcpQgn2o2gf8=,0,8,8.0,30.0,99.0,99.0,1.0,20170303.0,20170403.0,0.0,24.0,20170331.0,0.0,1.0,0.0,1.0,29.0,28.0,6747.956,1.0,0.0,0.0,1,20160804.0,3.3,1,1
LjPmbrafpZmafsEhTaki8HSy6vgj1QIqlc7P2nfGUq0=,0,19,8.0,30.0,99.0,99.0,1.0,20170303.0,20170403.0,0.0,0.0,0.0,0.0,0.0,0.0,0.0,0.0,0.0,0.0,0.0,0.0,0.0,2,0.0,3.3,1,1
KTsTVaHFH32tWO/xUySypssuCuiev2eiqpzUBUip7vc=,0,15,13.0,30.0,149.0,149.0,1.0,20170318.0,20170420.0,0.0,26.0,20170331.0,1.0,0.0,0.0,0.0,7.0,7.0,1872.382,9.0,20.0,1.0,4,20150409.0,4.96666666667,1,1
5eZYIJedJs7IbyokFYF7eWZvSoduPFCxPHrFSEJhd3c=,0,18,13.0,30.0,149.0,149.0,1.0,20170301.0,20170406.0,0.0,0.0,0.0,0.0,0.0,0.0,0.0,0.0,0.0,0.0,12.0,0.0,0.0,4,20150326.0,4.96666666667,1,1
pDYdz/dBjFs4Yt502USVMZTsZkc4VNNg/Ury39VFKHo=,0,13,8.0,30.0,99.0,99.0,1.0,20170317.0,20170417.0,0.0,11.0,20170331.0,15.0,1.0,1.0,1.0,35.0,34.0,9228.004,1.0,0.0,0.0,1,20160317.0,3.3,1,1
Yby0zCK10hM7OlrgO3xnkl+68t4T8ufmPJap6UcKf3s=,0,9,15.0,30.0,149.0,149.0,1.0,20170304.0,20170403.0,0.0,31.0,20170331.0,15.0,3.0,5.0,3.0,21.0,46.0,7176.811,16.0,18.0,1.0,4,20160704.0,4.96666666667,1,1
fDBMntc0rv91kVquKsoJf3aHltASkzAzwNhV4ETXkVY=,0,19,8.0,30.0,99.0,99.0,1.0,20170308.0,20170408.0,0.0,0.0,0.0,0.0,0.0,0.0,0.0,0.0,0.0,0.0,1.0,0.0,0.0,1,20131123.0,3.3,1,1
3X/G1daOip8NJFWhhLIwCWGBc3AS3eWznbbH4RAysx4=,0,27,8.0,30.0,129.0,129.0,1.0,20170308.0,20171207.0,0.0,6.0,20170331.0,0.0,0.0,0.0,0.0,40.0,40.0,9222.176,1.0,0.0,0.0,1,20100809.0,4.3,1,1
H8huVB2OhsWobdYX+KSKdv0EnAPYMGTWt/QKTcpqncA=,0,21,12.0,30.0,149.0,149.0,1.0,20170331.0,20170514.0,0.0,14.0,20170323.0,9.0,0.0,0.0,0.0,28.0,37.0,6986.971,9.0,28.0,1.0,4,20040723.0,4.96666666667,1,1
LaqeUOHNAO0MgzZAN+k/NzG0P6iAFaRfILWDa/K3G5g=,0,27,8.0,30.0,149.0,149.0,1.0,20170323.0,20170424.0,0.0,0.0,0.0,0.0,0.0,0.0,0.0,0.0,0.0,0.0,1.0,0.0,0.0,1,20120824.0,4.96666666667,1,1
H54U5JNWO4FLIgLHqTPnz34LpbOw7sJjjpBgKV2k71U=,0,17,8.0,30.0,99.0,99.0,1.0,20170301.0,20170401.0,0.0,0.0,0.0,0.0,0.0,0.0,0.0,0.0,0.0,0.0,0.0,0.0,0.0,2,0.0,3.3,1,1
cRibnYBhXhQ/jo+F4qlCu4g9o5KLQwogStXwi1waS9Q=,0,27,8.0,30.0,149.0,149.0,1.0,20170305.0,20170405.0,0.0,1.0,20170328.0,27.0,5.0,4.0,6.0,15.0,45.0,5807.814,1.0,0.0,0.0,1,20120401.0,4.96666666667,1,1
VxaPCaTqQneGHwV62m2ThY1UQGhGM5u0tmM6dgdSBsE=,0,19,8.0,30.0,99.0,99.0,1.0,20170326.0,20170426.0,0.0,0.0,0.0,0.0,0.0,0.0,0.0,0.0,0.0,0.0,0.0,0.0,0.0,2,0.0,3.3,1,1
I3g2SBCsnR0Me0FWpc085e1U+JLuYGVQfBEeENfzqfU=,0,15,8.0,30.0,99.0,99.0,1.0,20170312.0,20170412.0,0.0,0.0,0.0,0.0,0.0,0.0,0.0,0.0,0.0,0.0,0.0,0.0,0.0,2,0.0,3.3,1,1
ETJJuDtnV2LDaLEa9AoDXxhZsO3+YR3LLKJZhCwn184=,0,28,16.0,30.0,180.0,180.0,1.0,20170314.0,20170413.0,0.0,14.0,20170331.0,2.0,0.0,0.0,0.0,9.0,11.0,2482.006,17.0,0.0,0.0,4,20130306.0,6.0,1,1
VW8jiQ1X0DY90UOsIK+CiWQbJWJvKfdkVjCe/fdo6Zg=,0,6,16.0,30.0,180.0,180.0,1.0,20170317.0,20170416.0,0.0,30.0,20170331.0,0.0,0.0,1.0,1.0,122.0,53.0,32028.124,9.0,0.0,0.0,5,20130317.0,6.0,1,1
v0Dv4qjbcK/vxv5tG44OHiSBdaaRqJq9XczII6EjdxQ=,0,14,19.0,30.0,149.0,149.0,0.0,20170312.0,20170411.0,0.0,31.0,20170331.0,4.0,1.0,1.0,0.0,19.0,4.0,4317.963,1.0,0.0,0.0,4,20141230.0,4.96666666667,0,0
x49TLj+oDiERF96yOFmQyhfen7H+Mt/6tuT+RwP1q5g=,0,27,8.0,30.0,149.0,149.0,1.0,20170323.0,20170423.0,0.0,0.0,0.0,0.0,0.0,0.0,0.0,0.0,0.0,0.0,1.0,0.0,0.0,1,20140316.0,4.96666666667,1,1
avJO40+HLWkUj17XQF51w/LJnU1QtpORslHXuGLkAUE=,1,13,19.0,195.0,894.0,894.0,0.0,20170329.0,20171010.0,0.0,26.0,20170331.0,5.0,0.0,0.0,0.0,14.0,19.0,3392.498,15.0,19.0,1.0,5,20150324.0,4.58461538462,0,0
